Tempo,Spostamento,Forza,Voltaggio,R_sensore
2.036,-0.164,-0.3733,0.266068343609022,16861.3551855879
2.046,-0.0942,-0.1817,0.265549783458646,16826.6496412315
2.056,0.0394,-0.0511,0.264701985714286,16769.9256677648
2.066,0.2185,-0.0158,0.262149643984962,16599.2775807373
2.076,0.4248,-0.0661,0.258906719924812,16382.7225892952
2.086,0.6397,-0.1332,0.254451868045113,16085.7204038278
2.096,0.8501,-0.1335,0.249148994736842,15732.9072913985
2.106,1.0522,-0.0159,0.242389754135338,15284.338666415
2.116,1.2418,0.2123,0.236118669548872,14869.3042397749
2.126,1.4225,0.512,0.228657182330827,14376.907575205
2.136,1.594,0.841,0.221255370300752,13889.9682309249
2.146,1.7582,1.1764,0.213844477443609,13403.9403715024
2.156,1.9182,1.4967,0.206960689473684,12953.8280034026
2.166,2.0729,1.7912,0.200853946240601,12555.6053508684
2.176,2.2243,2.0563,0.195477542481203,12205.8463172729
2.186,2.374,2.2955,0.19125392406015,11931.6296414822
2.196,2.5212,2.514,0.187527719172932,11690.1069697613
2.206,2.6662,2.7177,0.18388992556391,11454.6754157467
2.216,2.811,2.9152,0.180366205263158,11226.9653428932
2.226,2.9549,3.1078,0.177372521052632,11033.7687387382
2.236,3.0971,3.2959,0.174200985714286,10829.3560423011
2.246,3.2397,3.4799,0.172409866541353,10714.0329921401
2.256,3.3822,3.6593,0.169961730451128,10556.5455778678
2.266,3.5231,3.8314,0.167935333082707,10426.3091240774
2.276,3.664,4.0031,0.165761623308271,10286.7262881051
2.286,3.8055,4.1765,0.164180395488722,10185.2679948334
2.296,3.9464,4.3505,0.162319594736842,10065.9560660671
2.306,4.0863,4.522,0.16079737481203,9968.42169669125
2.316,4.2275,4.691,0.159387101879699,9878.11493508965
2.326,4.3681,4.8583,0.158544395864662,9824.17740622721
2.336,4.5075,5.0289,0.157570840225564,9761.88819866413
2.346,4.6476,5.2046,0.157314196616541,9745.47201719942
2.356,4.7879,5.3751,0.156739912406015,9708.7442902873
2.366,4.9273,5.5401,0.156029928195489,9663.35005476385
2.376,5.0669,5.7059,0.155768057894737,9646.61022158084
2.386,5.2079,5.8778,0.155358062781955,9620.4052721696
2.396,5.3478,6.0522,0.154857762030075,9588.43442096507
2.406,5.4872,6.2244,0.154400842105263,9559.24151425345
2.416,5.6276,6.394,0.153679855639098,9513.18842305024
2.426,5.768,6.5625,0.153243481578947,9485.32163704832
2.436,5.9074,6.7366,0.153088166165413,9475.40442741864
2.446,6.0475,6.9123,0.152539258270677,9440.36061752148
2.456,6.1884,7.0904,0.151990577819549,9405.33925888221
2.466,6.3282,7.2666,0.151701121052632,9386.86690983671
2.476,6.4678,7.4428,0.151352209774436,9364.60326606204
2.486,6.6084,7.6222,0.150618969172932,9317.82643282481
2.496,6.7482,7.8029,0.150442645864662,9306.58005743815
2.506,6.8874,7.9881,0.150297413909774,9297.31738648384
2.516,7.0275,8.1727,0.150044598496241,9281.19453117352
2.518,7.0556,8.2097,0.149568442857143,9250.83311217235
2.52,7.0835,8.2467,0.148904265413534,9208.49269280977
2.53,7.1846,8.4046,0.148245844736842,9166.53070164483
2.54,7.1924,8.4044,0.147938198496241,9146.92791734792
2.55,7.1221,8.3141,0.147713253383459,9132.59630543008
2.56,6.9856,8.1688,0.147311153383459,9106.98118340117
2.57,6.8002,7.9709,0.146747185714286,9071.06169798101
2.58,6.5886,7.7333,0.146188218421053,9035.46892624857
2.59,6.373,7.4675,0.145536962781955,8994.00994504376
2.6,6.163,7.1616,0.145258536090226,8976.28867593134
2.61,5.964,6.8215,0.145302585714286,8979.09220583202
2.62,5.7763,6.4701,0.145258022932331,8976.25601639504
2.63,5.5976,6.1219,0.145470790977444,8989.79806571606
2.64,5.4283,5.7938,0.145419466165414,8986.53128639405
2.65,5.2647,5.4816,0.145949917293233,9020.29736857475
2.66,5.1061,5.1923,0.146216819924812,9037.28995508285
2.67,4.9525,4.9261,0.147131906766917,9095.56393911141
2.68,4.8012,4.6794,0.147695889097744,9131.49005433717
2.69,4.6521,4.45,0.148496973308271,9182.53410280968
2.7,4.5057,4.2336,0.149215822932331,9228.35262210322
2.71,4.3601,4.0286,0.149737488345865,9261.61138615143
2.72,4.2152,3.8329,0.150875140225564,9334.16716965597
2.73,4.0723,3.6463,0.152307580075188,9425.5720174724
2.74,3.9302,3.4623,0.15340549962406,9495.66750089124
2.75,3.7873,3.2811,0.155071746616541,9602.10792646394
2.76,3.6459,3.1081,0.156523821804511,9694.92670424322
2.77,3.5052,2.9379,0.158700484586466,9834.16647211365
2.78,3.3635,2.769,0.160229434586466,9932.04734113932
2.79,3.2226,2.6017,0.162940883458647,10105.7820175136
2.8,3.0827,2.4341,0.16532090037594,10258.4409618083
2.81,2.9423,2.2686,0.167848090977444,10420.7045310831
2.82,2.8013,2.1064,0.170242031954887,10574.56914495
2.83,2.6613,1.948,0.173090934586466,10757.8741741825
2.84,2.5214,1.7848,0.176390335714286,10970.4359177499
2.85,2.3806,1.6194,0.180492933834586,11235.1490322553
2.86,2.2406,1.459,0.185013184586466,11527.3327848506
2.87,2.101,1.3016,0.190456895488722,11879.9369098122
2.88,1.9608,1.1435,0.195638055263158,12216.2770528235
2.89,1.8204,0.9807,0.201766569172932,12615.0533575533
2.9,1.6808,0.8196,0.207591754511278,12995.0378104803
2.91,1.5405,0.6589,0.213743292857143,13397.3148079266
2.92,1.3995,0.5014,0.220160322180451,13818.0569027505
2.93,1.2598,0.3457,0.226045643233083,14204.9311539397
2.94,1.1203,0.1846,0.232236205639098,14612.9012880489
2.95,0.9797,0.0208,0.237852266917293,14983.9282766217
2.96,0.8397,-0.1286,0.243203129699248,15338.2498557609
2.97,0.7005,-0.2559,0.247550686466165,15626.7223573243
2.98,0.5603,-0.3644,0.251738208646616,15905.0755650226
2.99,0.4198,-0.4537,0.25485724887218,16112.7238255334
3,0.2801,-0.5151,0.257980886466165,16320.951916656
3.01,0.1404,-0.5509,0.259992696616541,16455.2086089165
3.02,-0.0004,-0.5674,0.261831963909774,16578.0505407632
3.022,-0.0283,-0.5691,0.262458022932331,16619.8858523749
3.024,-0.0561,-0.5702,0.262800880451128,16642.8013992467
3.034,-0.1563,-0.5426,0.261685021804511,16568.2329905495
3.044,-0.1639,-0.3716,0.260279933834586,16474.3864743785
3.054,-0.094,-0.1802,0.256936872932331,16251.3253175598
3.064,0.0399,-0.0497,0.253352979699248,16012.5439251555
3.074,0.219,-0.0157,0.247576208270677,15628.4173584142
3.084,0.4252,-0.0715,0.24163862443609,15234.5695522623
3.094,0.6401,-0.1555,0.234949136466165,14792.0227839031
3.104,0.8504,-0.1818,0.227859767293233,14324.3758260635
3.114,1.0525,-0.0949,0.221108504887218,13880.3217302593
3.124,1.2419,0.1085,0.214212078571428,13428.0132397187
3.134,1.4226,0.3942,0.207089894360902,12962.2644570728
3.144,1.5941,0.7194,0.20093977556391,12561.1952861576
3.154,1.7582,1.0551,0.195052492481203,12178.2283058858
3.164,1.9183,1.3777,0.190085115037594,11855.8302745775
3.174,2.0729,1.6743,0.186128916541353,11599.5368372614
3.184,2.2243,1.9428,0.182814666541353,11385.1546423747
3.194,2.3741,2.1859,0.179515703383459,11172.0540305126
3.204,2.521,2.4092,0.176786237969925,10995.9612009099
3.214,2.666,2.6174,0.174830977443609,10869.9390607658
3.224,2.8113,2.8133,0.173113401127819,10759.3205836823
3.234,2.9549,3.0025,0.171202685714286,10636.3556743908
3.244,3.0971,3.1877,0.169502633834586,10527.0298885894
3.254,3.2397,3.3731,0.167752036090225,10414.5340228669
3.264,3.3822,3.5535,0.16563552518797,10278.6328617316
3.274,3.5231,3.7245,0.16419452481203,10186.1742984387
3.284,3.6639,3.8957,0.162848642857143,10099.8685486657
3.294,3.8054,4.0679,0.162085937218045,10050.9807603842
3.304,3.9462,4.245,0.160987556766917,9980.60401717154
3.314,4.0863,4.4182,0.159864054887218,9908.65070940644
3.324,4.2273,4.5868,0.158948462781955,9850.03742843622
3.334,4.3679,4.7546,0.158218801503759,9803.34271731851
3.344,4.5074,4.9257,0.157162357142857,9735.76044045133
3.354,4.6475,5.1035,0.156226403759398,9675.91077423501
3.364,4.7879,5.2787,0.155878047744361,9653.6410074344
3.374,4.9272,5.4453,0.15552319924812,9630.95948094844
3.384,5.0671,5.6078,0.154768181954887,9582.71065866138
3.394,5.2078,5.7754,0.154745829699248,9581.28248345181
3.404,5.3478,5.9477,0.15424979924812,9549.59250009543
3.414,5.4872,6.1205,0.153934453383459,9529.44931734984
3.424,5.6276,6.2923,0.153327071052632,9490.65926051248
3.434,5.768,6.4612,0.152908252631579,9463.91737156177
3.444,5.9074,6.6346,0.152555080075188,9441.37061453527
3.454,6.0476,6.8126,0.152130198496241,9414.25026198422
3.464,6.1885,6.9932,0.151922917293233,9401.02114930143
3.474,6.3282,7.1722,0.15151389924812,9374.92009462237
3.484,6.4678,7.3487,0.151215056390977,9355.85253726013
3.494,6.6083,7.5266,0.150709234210526,9323.58409648739
3.504,6.7482,7.7079,0.150709965037594,9323.63071404301
3.514,6.8874,7.891,0.150818245864662,9330.53782131667
3.524,7.0275,8.0783,0.150626021428571,9318.27626168837
3.526,7.0556,8.1158,0.150232097368421,9293.1517786801
3.528,7.0835,8.1532,0.150030095864662,9280.26970250298
3.538,7.1845,8.3145,0.149923536090226,9273.47458576157
3.548,7.1923,8.317,0.149787210902256,9264.781819817
3.558,7.1221,8.2288,0.149409136842105,9240.67651078914
3.568,6.9857,8.0837,0.149047781578947,9217.64067349201
3.578,6.8002,7.8875,0.148580084586466,9187.83081100089
3.588,6.5883,7.655,0.148278678947368,9168.62299802482
3.598,6.3728,7.3926,0.148061136090226,9154.76102913519
3.608,6.1627,7.0898,0.148057337593985,9154.51899758633
3.618,5.9638,6.7493,0.148233719548872,9165.75805471955
3.628,5.7762,6.3954,0.148360736090226,9173.85205411994
3.638,5.5975,6.0469,0.148486527443609,9181.86839737049
3.648,5.4283,5.7224,0.148943048496241,9210.96474347123
3.658,5.2646,5.414,0.149686312406015,9258.34834902817
3.668,5.106,5.1243,0.150396992481203,9303.66829499414
3.678,4.9525,4.8558,0.151369578571429,9365.71147405559
3.688,4.8012,4.609,0.152815385714286,9457.98837105803
3.698,4.6519,4.3818,0.153928827443609,9529.08997593665
3.708,4.5055,4.168,0.155010729699248,9598.2088535952
3.718,4.3599,3.9646,0.156398836090226,9686.93524493126
3.728,4.2151,3.7695,0.157828347368421,9778.36136494537
3.738,4.0723,3.5826,0.159513502631579,9886.20685451555
3.748,3.9302,3.4001,0.161449745488722,10010.2140308365
3.758,3.7875,3.2185,0.163345280827068,10131.7102611989
3.768,3.6459,3.0452,0.165547541353383,10272.9859960022
3.778,3.5052,2.8774,0.168257976315789,10447.038075979
3.788,3.3636,2.7092,0.171379140601504,10647.7074256884
3.798,3.2226,2.5403,0.17461632368421,10856.1102327223
3.808,3.0827,2.3727,0.178064395488722,11078.3973549209
3.818,2.9423,2.2081,0.181867292857143,11323.9279973044
3.828,2.8013,2.0456,0.186167580451128,11602.0395534609
3.838,2.6613,1.886,0.191072451503759,11919.8584035753
3.848,2.5215,1.7237,0.196041701503759,12242.5106124542
3.858,2.3807,1.5572,0.201131486090225,12573.6818277414
3.868,2.2405,1.3945,0.206951206015037,12953.2087973787
3.878,2.1013,1.2356,0.213111834210526,13355.9732437605
3.888,1.9609,1.0792,0.218533515413534,13711.2860323082
3.898,1.8203,0.9201,0.224187646240601,14082.691883662
3.908,1.6805,0.7588,0.229446344360902,14428.9129264702
3.918,1.5404,0.5956,0.234343983834586,14752.0498567045
3.928,1.3995,0.4372,0.238853937593985,15050.19596941
3.938,1.2599,0.2839,0.243275736466165,15343.0631872762
3.948,1.1205,0.1256,0.247564537969925,15627.642286646
3.958,0.9799,-0.0348,0.251453412406015,15886.1290144837
3.968,0.8398,-0.1785,0.255075314661654,16127.2516368802
3.978,0.7005,-0.3,0.257912314285714,16316.3778094626
3.988,0.5602,-0.4025,0.260502322180451,16489.236194771
3.998,0.4198,-0.4818,0.262420913157895,16617.4057475934
4.008,0.2801,-0.532,0.263676491729323,16701.3396320301
4.018,0.1402,-0.5603,0.263782637218045,16708.4373676067
4.028,-0.0004,-0.5722,0.262669648120301,16634.029840208
4.03,-0.0285,-0.5729,0.259923443233083,16450.5851405723
4.032,-0.0561,-0.5728,0.256866727067669,16246.6482989335
4.042,-0.1564,-0.5417,0.252599210902256,15962.3690177376
4.052,-0.164,-0.3682,0.247431257894737,15618.790888975
4.062,-0.094,-0.1755,0.241104577067669,15199.1936556848
4.072,0.039,-0.0483,0.234501815413534,14762.4743309319
4.082,0.2185,-0.0163,0.227202028947368,14281.0588459033
4.092,0.4256,-0.073,0.219589162030075,13780.5621403448
4.102,0.6409,-0.1656,0.212390040601504,13308.7308115752
4.112,0.8513,-0.2076,0.206058810902256,12894.9523643012
4.122,1.0532,-0.1416,0.199851648496241,12490.3419974697
4.132,1.2425,0.0454,0.194586681203007,12147.9674042932
4.142,1.4232,0.3226,0.190036735338346,11852.6935580482
4.152,1.5945,0.6434,0.186258097744361,11607.8988981784
4.162,1.7586,0.9748,0.183152289097744,11406.9802549417
4.172,1.9185,1.2963,0.180515834962406,11236.62795317
4.182,2.0732,1.5946,0.177625893609022,11050.1107767823
4.192,2.2244,1.8649,0.175118321052631,10888.4527769914
4.202,2.3742,2.1094,0.172638326691729,10728.73787226
4.212,2.5213,2.3316,0.170278892857143,10576.9394803342
4.222,2.6659,2.5419,0.16805839887218,10434.2154404114
4.232,2.8111,2.744,0.165781132706767,10287.9785084859
4.242,2.9549,2.9355,0.16386572556391,10165.085351131
4.252,3.0971,3.1203,0.162209537969925,10058.9022556709
4.262,3.2396,3.3033,0.160737120300752,9964.56222548141
4.272,3.3819,3.4805,0.159411178947368,9879.65626748088
4.282,3.5229,3.6527,0.158123319172932,9797.23336195682
4.292,3.6637,3.8258,0.157125560902256,9733.40706298772
4.302,3.8054,3.9991,0.156144777067669,9670.69224086823
4.312,3.9462,4.1734,0.155018854135338,9598.72801162405
4.322,4.0863,4.3464,0.154043166917293,9536.3932587468
4.332,4.2273,4.5167,0.15363912556391,9510.58719384698
4.342,4.3678,4.6873,0.153199846992481,9482.53541446833
4.352,4.5075,4.8577,0.152388913533835,9430.76357502869
4.362,4.6474,5.0305,0.15213942368421,9414.83905874814
4.372,4.7877,5.2033,0.151718411654135,9387.97028737961
4.382,4.9273,5.373,0.151399267669173,9367.60579147906
4.392,5.0671,5.5395,0.151055465789474,9345.67088097663
4.402,5.2079,5.7084,0.15044379924812,9306.6536206836
4.412,5.3479,5.8819,0.149943259022556,9274.73225760682
4.422,5.4872,6.0555,0.149811020676692,9266.30001317555
4.432,5.6276,6.2284,0.14922977556391,9229.24207863863
4.442,5.768,6.3968,0.149536481954887,9248.79538204351
4.452,5.9074,6.5691,0.149453378571429,9243.49708821551
4.462,6.0476,6.7468,0.149322828571429,9235.17418048158
4.472,6.1885,6.927,0.14901157443609,9215.33271348312
4.482,6.3282,7.1063,0.148591244360902,9188.54204079497
4.492,6.4679,7.2838,0.148104559022556,9157.52786663843
4.502,6.6084,7.4618,0.147784686466165,9137.14727707754
4.512,6.7482,7.6456,0.147353598496241,9109.68487940383
4.522,6.8874,7.8299,0.147259633834586,9103.6995216962
4.532,7.0275,8.0161,0.146773467293233,9072.73540421616
4.534,7.0556,8.0532,0.14629279887218,9042.12756209444
4.536,7.0835,8.0902,0.146207560150376,9036.70039225486
4.546,7.1846,8.2511,0.145927236090226,9018.85343634733
4.556,7.1927,8.2544,0.14520819962406,8973.08508345192
4.566,7.1225,8.1691,0.145063495488722,8963.87596545866
4.576,6.9858,8.0279,0.144607804135338,8934.87889146221
4.586,6.8,7.8343,0.144635873308271,8936.66486390715
4.596,6.5881,7.5996,0.144748991353383,8943.86249622952
4.606,6.3725,7.3338,0.145084456015038,8965.20988062034
4.616,6.1624,7.0309,0.14588949924812,9016.45106094243
4.626,5.9636,6.6954,0.146185397744361,9035.28933777733
4.636,5.7761,6.3456,0.146817943233083,9075.56783461506
4.646,5.5975,5.9965,0.14738099887218,9111.43027123664
4.656,5.4282,5.6686,0.148098862406015,9157.16488482219
4.666,5.2646,5.3609,0.148995289849624,9214.29469267648
4.676,5.106,5.0751,0.150310966541353,9298.18172903488
4.686,4.9524,4.8078,0.151652801503759,9383.7835015691
4.696,4.8011,4.5594,0.153202310526316,9482.69271847524
4.706,4.6519,4.3324,0.15503892443609,9600.01052751771
4.716,4.5055,4.12,0.156643120676692,9702.55493738738
4.726,4.36,3.9177,0.15867240037594,9832.36914528947
4.736,4.2151,3.7235,0.160681048496241,9960.97075475739
4.746,4.0723,3.5364,0.162971317293233,10107.7331550183
4.756,3.9302,3.3516,0.165551464661654,10273.237792368
4.766,3.7873,3.1704,0.167873604511278,10422.3435463943
4.776,3.6459,2.998,0.171271301503759,10640.7697883563
4.786,3.5052,2.8317,0.174909530075188,10875.0000336002
4.796,3.3636,2.6638,0.178773976315789,11124.181407648
4.806,3.2226,2.4952,0.182749803759398,11380.9619377057
4.816,3.0827,2.3263,0.187019595112782,11657.2006976931
4.826,2.9423,2.1611,0.192228971804511,11994.8914378725
4.836,2.8013,2.0009,0.197381378947368,12329.6098142459
4.846,2.6613,1.8417,0.203153368045113,12705.4323579022
4.856,2.5214,1.6791,0.208785640601504,13073.0306519441
4.866,2.3806,1.5115,0.214816880075188,13467.6275510161
4.876,2.2405,1.3486,0.220474340601504,13838.6749844911
4.886,2.101,1.1913,0.226356538345865,14225.3945124399
4.896,1.9605,1.0338,0.231171316165413,14542.6475655777
4.906,1.8201,0.8758,0.235988729699248,14860.7160841803
4.916,1.6804,0.7162,0.240313922180451,15146.8343658417
4.926,1.5404,0.552,0.244263219548872,15408.5411467433
4.936,1.3997,0.3898,0.247424618045113,15618.3499361985
4.946,1.26,0.235,0.250617137969925,15830.5075785868
4.956,1.1203,0.0789,0.253033383082707,15991.2679087068
4.966,0.9799,-0.0759,0.255846166165413,16178.6174179739
4.976,0.8398,-0.2147,0.257583622556391,16294.454264805
4.986,0.7007,-0.3311,0.258640826691729,16364.9799923044
4.996,0.5604,-0.4285,0.258622337969925,16363.7463457736
5.006,0.4199,-0.4999,0.257645417669173,16298.5757304471
5.016,0.2801,-0.542,0.256099748496241,16195.5185555426
5.026,0.1402,-0.564,0.253190431954887,16001.7225249143
5.036,-0.0002,-0.5714,0.249049942105263,15726.3245711084
5.038,-0.0283,-0.572,0.244157129699248,15401.5052446723
5.04,-0.056,-0.5723,0.238670539849624,15038.0608093072
5.05,-0.1563,-0.5436,0.232640680827068,14639.5938664485
5.06,-0.164,-0.3722,0.226168306766917,14213.0046449382
5.07,-0.0944,-0.1786,0.218722641729323,13723.6950718395
5.08,0.0378,-0.0508,0.212031723308271,13285.2837188037
5.09,0.2178,-0.018,0.205406397368421,12852.3758878551
5.1,0.4256,-0.0762,0.199345854511278,12457.4182061381
5.11,0.6415,-0.1761,0.193942828947368,12106.1499298535
5.12,0.8522,-0.2272,0.189649019548872,11827.558133674
5.13,1.0542,-0.1745,0.185598131203007,11565.1831480398
5.14,1.2435,-0.0019,0.182538086090226,11367.2773766932
5.15,1.4239,0.2649,0.179660363157895,11181.3923930634
5.16,1.5949,0.581,0.177189064661654,11021.9372293861
5.17,1.7589,0.914,0.174511378571428,10849.3497091554
5.18,1.9186,1.2386,0.172164444736842,10698.2379225295
5.19,2.0732,1.5415,0.170700934586466,10604.0813961383
5.2,2.2244,1.8147,0.168570802255639,10467.138936922
5.21,2.3741,2.0593,0.166682448496241,10345.8409293456
5.22,2.5212,2.2807,0.165382519548872,10262.3953322636
5.23,2.6663,2.4887,0.163824284962406,10162.4275842384
5.24,2.8111,2.6902,0.162677972932331,10088.927635294
5.25,2.9548,2.8833,0.16131387443609,10001.5088962166
5.26,3.0971,3.0684,0.159910481578947,9911.62338859677
5.27,3.2397,3.2501,0.15902434962406,9854.89461892112
5.28,3.3821,3.4282,0.157903629323308,9783.17760957167
5.29,3.523,3.602,0.157055677443609,9728.93762450107
5.3,3.6639,3.775,0.156058193984962,9665.15702920964
5.31,3.8055,3.9495,0.15534532593985,9619.59126446837
5.32,3.9462,4.1251,0.154959715413534,9594.94903932011
5.33,4.0864,4.2959,0.154189819924812,9545.76103035176
5.34,4.2275,4.4627,0.153695718045113,9514.2014885897
5.35,4.3681,4.6302,0.153155667669173,9479.71445962579
5.36,4.5075,4.8032,0.153033214661654,9471.89581273177
5.37,4.6475,4.9813,0.15276659962406,9454.87376029047
5.38,4.7879,5.1546,0.152506840977444,9438.2912553627
5.39,4.9272,5.3213,0.152209781203007,9419.32969455798
5.4,5.0669,5.4888,0.152026976691729,9407.66229272367
5.41,5.2078,5.6601,0.151639015037594,9382.90375910013
5.42,5.3478,5.8335,0.151371853007519,9365.85659397774
5.43,5.4872,6.0061,0.151195287593985,9354.59127940176
5.44,5.6276,6.1776,0.150901980827068,9335.87938810973
5.45,5.768,6.3452,0.15035109887218,9300.74126627281
5.46,5.9074,6.5173,0.150210438345865,9291.77048424129
5.47,6.0475,6.6939,0.149413044736842,9240.92565177419
5.48,6.1882,6.8757,0.149439401503759,9242.60599177474
5.49,6.3281,7.056,0.148491490601504,9182.18469454447
5.5,6.4677,7.2323,0.148558795864662,9186.47405670078
5.51,6.6083,7.4112,0.147934092105263,9146.66628072146
5.52,6.7482,7.5956,0.14754014962406,9121.56849351136
5.53,6.8874,7.7845,0.147113455263158,9094.38870496829
5.54,7.0275,7.9716,0.147240762030075,9102.49745410846
5.542,7.0556,8.0093,0.147173981203007,9098.24382532623
5.544,7.0835,8.0468,0.147125129699248,9095.13228537851
5.554,7.1843,8.2067,0.147079590225564,9092.23175776749
5.564,7.1919,8.2085,0.147308687218045,9106.82409346964
5.574,7.1216,8.121,0.147508763909774,9119.56910788525
5.584,6.9853,7.9812,0.148370911654135,9174.50049987569
5.594,6.8001,7.7899,0.148947445864662,9211.24503615341
5.604,6.5883,7.5591,0.149896072932331,9271.72336013983
5.614,6.3728,7.2969,0.150787396992481,9328.5699764305
5.624,6.1626,6.9945,0.151823711654135,9394.69004164052
5.634,5.9638,6.6598,0.152566971428571,9442.12971252956
5.644,5.7762,6.3113,0.153736554135338,9516.80954941827
5.654,5.5975,5.9634,0.154928339849624,9592.94417400725
5.664,5.4283,5.6353,0.156033179699248,9663.55791571423
5.674,5.2646,5.3239,0.158285017669173,9807.57964358573
5.684,5.106,5.0371,0.160118073308271,9924.91608680948
5.694,4.9524,4.7716,0.162092502631579,10051.4015234737
5.704,4.801,4.5248,0.164238729699248,10189.0097868107
5.714,4.6517,4.2981,0.166634569172932,10342.7666431018
5.724,4.5055,4.0861,0.168920683082707,10489.6238708721
5.734,4.36,3.8837,0.171393612030075,10648.6384429939
5.744,4.2149,3.687,0.17394354962406,10812.7754873553
5.754,4.0723,3.5,0.176944198496241,11006.1466699849
5.764,3.9302,3.3176,0.180570687218045,11240.1702877439
5.774,3.7873,3.1386,0.184324463157895,11482.7792122452
5.784,3.6459,2.9667,0.188440201503759,11749.2170561396
5.794,3.5052,2.7971,0.193020064661654,12046.2369673737
5.804,3.3636,2.6272,0.197780392481203,12355.5610933457
5.814,3.2226,2.4589,0.203224373684211,12710.0612692384
5.824,3.0828,2.291,0.208563860902256,13058.5395389322
5.834,2.9423,2.126,0.214098684586466,13420.5870833736
5.844,2.8013,1.9656,0.219578364285714,13779.8533906668
5.854,2.6613,1.8063,0.225976978947368,14200.4119764933
5.864,2.5214,1.641,0.231770145864662,14582.1501660824
5.874,2.3807,1.4739,0.236839873308271,14916.9795057532
5.884,2.2405,1.3143,0.241669272556391,15236.5999590508
5.894,2.1009,1.1574,0.245927875939849,15518.9826440718
5.904,1.9605,1.0007,0.249157343233083,15733.4621182324
5.914,1.8203,0.8416,0.25257757593985,15960.9291134348
5.924,1.6805,0.6797,0.255106645864662,16129.3390699073
5.934,1.5404,0.5169,0.257450351127819,16285.5660049259
5.944,1.3997,0.3565,0.259208840225564,16402.8849714968
5.954,1.2599,0.2008,0.260249656766917,16472.3648665467
5.964,1.1203,0.0457,0.260719305263158,16503.7263283032
5.974,0.9799,-0.1038,0.260473219924812,16487.2928466086
5.984,0.8398,-0.2379,0.258779422556391,16374.2280070792
5.994,0.7005,-0.3508,0.25601385075188,16189.7933107871
6.004,0.5604,-0.444,0.252545257518797,15958.7782012309
6.014,0.4198,-0.5095,0.248109069924812,15663.8109065912
6.024,0.2801,-0.5476,0.24284894887218,15314.7721984531
6.034,0.1402,-0.5681,0.237415052255639,14955.0121327337
6.044,-0.0004,-0.5748,0.230951291353383,14528.1358272554
6.046,-0.0285,-0.575,0.224429796616541,14098.6177812359
6.048,-0.0562,-0.5745,0.217438627819549,13639.4670699488
6.058,-0.1563,-0.5409,0.210851962406015,13208.1088797546
6.068,-0.1637,-0.3673,0.204175915037594,12772.1061961676
6.078,-0.0939,-0.1763,0.198441301503759,12398.5551753792
6.088,0.0403,-0.0454,0.193411813533835,12071.6695105119
6.098,0.2195,-0.0135,0.189157232330827,11795.6816382801
6.108,0.4259,-0.0716,0.185567831578947,11563.2223128697
6.118,0.6408,-0.1761,0.182731716165413,11379.7927828897
6.128,0.8511,-0.2375,0.180100512030075,11209.8091970335
6.138,1.0529,-0.197,0.178101207518797,11080.7722341566
6.148,1.2422,-0.0372,0.175588180827068,10918.7308676212
6.158,1.4228,0.2227,0.173248170676692,10767.9974112724
6.168,1.5942,0.5353,0.170840565037594,10613.0622112453
6.178,1.7581,0.8661,0.169169037218045,10505.5862141339
6.188,1.9182,1.1892,0.167505693233083,10398.7102270473
6.198,2.0728,1.4902,0.165826272556391,10290.8758707819
6.208,2.2242,1.7657,0.163788344736842,10160.1226173752
6.218,2.374,2.0127,0.161854267293233,10036.1342693174
6.228,2.5207,2.2366,0.160589848120301,9955.1294319159
6.238,2.6659,2.4458,0.158769517669173,9838.58452403609
6.248,2.8111,2.6475,0.157498140225564,9757.23777416784
6.258,2.9548,2.841,0.156139970676692,9670.38496559352
6.268,3.0971,3.0271,0.15474824887218,9581.43705347157
6.278,3.2397,3.2098,0.15356139887218,9505.62329437816
6.288,3.3822,3.3884,0.152764906015038,9454.76563771005
6.298,3.523,3.5621,0.151882103759398,9398.41647892926
6.308,3.664,3.7346,0.151350342105263,9364.48410077408
6.318,3.8055,3.9074,0.150923127067669,9337.22836464766
6.328,3.9462,4.0835,0.150305432706767,9297.8287985664
6.338,4.0864,4.2561,0.149878931203007,9270.6303045039
6.348,4.2275,4.4252,0.149489601879699,9245.80649930966
6.358,4.3679,4.5921,0.149101686090226,9221.07678464514
6.368,4.5075,4.7634,0.148843479699248,9204.61826430744
6.378,4.6475,4.9408,0.148507329323308,9183.19408504399
6.388,4.7877,5.1136,0.148593366541353,9188.6772910284
6.398,4.927,5.2793,0.148359782706767,9173.79129915395
6.408,5.0667,5.4446,0.148037576691729,9153.25988391256
6.418,5.2077,5.6145,0.14799685075188,9150.66496451967
6.428,5.3477,5.7886,0.147730628571429,9133.70325901351
6.438,5.4871,5.9636,0.147365933082707,9110.47058466886
6.448,5.6274,6.1372,0.147192353007519,9099.41401234444
6.458,5.7678,6.3086,0.146603609774436,9061.91858157433
6.468,5.9073,6.4811,0.146228369548872,9038.02531405548
6.478,6.0476,6.6573,0.145573726691729,8996.35004194974
6.488,6.1885,6.8362,0.1451287,8968.02557876251
6.498,6.3284,7.017,0.144666485338346,8938.61265563918
6.508,6.4678,7.1953,0.144078486090226,8901.20355183953
6.518,6.6083,7.3764,0.143478762781955,8863.05788281554
6.528,6.7481,7.5609,0.143649854887218,8873.93931212606
6.538,6.887,7.7475,0.143022807142857,8834.06292414911
6.548,7.0274,7.9344,0.142935631203007,8828.51988464032
6.55,7.0555,7.9717,0.143090946616541,8838.39567781448
6.552,7.0833,8.0087,0.143959814285714,8893.65463094117
6.562,7.1847,8.1687,0.144458501503759,8925.37947920936
6.572,7.1928,8.1713,0.14505414962406,8963.28120402174
6.582,7.1225,8.0855,0.14572225075188,9005.80425838533
6.592,6.9859,7.9452,0.147335276315789,9108.51777560662
6.602,6.8001,7.753,0.148353619924812,9173.39857253856
6.612,6.5879,7.5231,0.149416246240601,9241.12975833875
6.622,6.3722,7.2635,0.150860321428571,9333.22185553223
6.632,6.1621,6.9628,0.152201710150376,9418.81454529931
6.642,5.9635,6.6265,0.153326945488722,9490.65124246447
6.652,5.776,6.2762,0.155143441729323,9606.68947759519
6.662,5.5974,5.9289,0.156777787969925,9711.16631282194
6.672,5.4282,5.6041,0.158834340977444,9842.73326908912
6.682,5.2646,5.2957,0.160335056390977,9938.81135941279
6.692,5.1061,5.0099,0.162597754135338,10083.7854206359
6.702,4.9527,4.7445,0.165359291353383,10260.9046660475
6.712,4.8012,4.4958,0.168128178947368,10438.6986145718
6.722,4.652,4.2674,0.171329868045113,10644.5375246051
6.732,4.5057,4.0552,0.174753201127819,10864.9282665914
6.742,4.36,3.8546,0.17835722406015,11097.2898044309
6.752,4.2151,3.66,0.182384347744361,11357.3411149331
6.762,4.0722,3.4712,0.186981722556391,11654.7483374012
6.772,3.9301,3.2879,0.191842482706767,11969.8126787721
6.782,3.7875,3.11,0.197694679699248,12349.9860908594
6.792,3.6459,2.9388,0.202683894360902,12674.8304613065
6.802,3.5052,2.7694,0.208014559774436,13022.6539105247
6.812,3.3638,2.5998,0.213904934210526,13407.8992124183
6.822,3.2227,2.4317,0.219316851879699,13762.68903949
6.832,3.0828,2.2656,0.22439322556391,14096.2124498037
6.842,2.9425,2.1015,0.229728656390977,14447.5213154545
6.852,2.8015,1.9407,0.233644606766917,14705.8656451822
6.862,2.6613,1.78,0.237716072180451,14974.9201717142
6.872,2.5214,1.6151,0.240818080827068,15180.2190954439
6.882,2.3806,1.4463,0.244227272180451,15406.1570742317
6.892,2.2403,1.2833,0.247008422180451,15590.712804951
6.902,2.101,1.1271,0.249504385714286,15756.5276955929
6.912,1.9608,0.9713,0.25118550075188,15868.3078139807
6.922,1.8202,0.8115,0.252600906390977,15962.4818607117
6.932,1.6804,0.6525,0.254012684210526,16056.4704860535
6.942,1.5403,0.4917,0.254604810150376,16095.9077145971
6.952,1.3995,0.3327,0.254025661278195,16057.3346892522
6.962,1.2598,0.1771,0.252811807894737,15976.5190043553
6.972,1.1203,0.0225,0.25068432443609,15834.9754929477
6.982,0.9797,-0.1275,0.246894208270677,15583.1293740792
6.992,0.8397,-0.2594,0.242765004135338,15309.2082488904
7.002,0.7004,-0.3682,0.238036730827068,14996.1297917619
7.012,0.5603,-0.4559,0.232180418421052,14609.2200710432
7.022,0.4198,-0.5136,0.226286881203007,14220.8093933407
7.032,0.2801,-0.5457,0.219888055263158,13800.1823684443
7.042,0.1404,-0.5639,0.212966105263158,13346.4339262757
7.052,-0.0002,-0.5725,0.20663124924812,12932.3192096816
7.054,-0.0283,-0.5728,0.20043270037594,12528.173137085
7.056,-0.056,-0.5727,0.194704092857143,12155.5943662735
7.066,-0.1563,-0.542,0.189916657518797,11844.9085387883
7.076,-0.1641,-0.3706,0.186240991353383,11606.7915543041
7.086,-0.0943,-0.1778,0.18276785037594,11382.1284525515
7.096,0.0387,-0.0475,0.180214533834586,11217.1714965125
7.106,0.2185,-0.0134,0.177962206766917,11071.8049752736
7.116,0.4258,-0.0696,0.175242433458647,10896.4500936118
7.126,0.6415,-0.1769,0.173092644360902,10757.9842500199
7.136,0.852,-0.2466,0.171137681578947,10632.1740170202
7.146,1.054,-0.2165,0.169182163909774,10506.4299452057
7.156,1.2432,-0.0676,0.167463906390977,10396.0262156622
7.166,1.4236,0.1843,0.16569722368421,10282.5928381644
7.176,1.5949,0.4935,0.163908005639098,10167.7970040823
7.186,1.7587,0.8254,0.162288206390977,10063.9442766334
7.196,1.9184,1.1516,0.160788698120301,9967.86592421654
7.206,2.0731,1.4557,0.159670922556391,9896.285149318
7.216,2.2242,1.7318,0.158410348120301,9815.59939051006
7.226,2.3741,1.9819,0.157297428571429,9744.39951151243
7.236,2.5211,2.2065,0.156161417293233,9671.75606454473
7.246,2.6658,2.4154,0.155397806766917,9622.94532566427
7.256,2.811,2.616,0.154900871804511,9591.18901632478
7.266,2.9549,2.8079,0.154223039097744,9547.88305417768
7.276,3.0971,2.9924,0.153434020676692,9497.48881979202
7.286,3.2396,3.1736,0.152794709398496,9456.66834215323
7.296,3.3822,3.353,0.15234257593985,9427.80580061628
7.306,3.5229,3.5295,0.151701361278195,9386.88223946884
7.316,3.6637,3.7041,0.15135892556391,9365.03176293658
7.326,3.8054,3.8772,0.151164306015038,9352.61466185946
7.336,3.9461,4.0507,0.150998484210526,9342.03569861796
7.346,4.0863,4.2232,0.150584445864662,9315.62437887494
7.356,4.2275,4.392,0.150112134586466,9285.50136119487
7.366,4.3681,4.5586,0.149644128571429,9255.65871070944
7.376,4.5075,4.7281,0.149626407518797,9254.52883159805
7.386,4.6475,4.9043,0.149529406390977,9248.34426919301
7.396,4.7879,5.0794,0.149544953759398,9249.33551597215
7.406,4.9273,5.2487,0.14887792406015,9206.81370595937
7.416,5.0671,5.416,0.148593803007519,9188.70510778727
7.426,5.2078,5.5863,0.148077668045113,9155.81441214769
7.436,5.3477,5.7594,0.148358496240601,9173.70931831893
7.446,5.4872,5.9299,0.147820339473684,9139.41876531732
7.456,5.6276,6.0994,0.147299258646616,9106.22351331328
7.466,5.768,6.2704,0.146879491729323,9079.48760878768
7.476,5.9074,6.4465,0.146516933082707,9056.39915062694
7.486,6.0475,6.6247,0.146114633834586,9030.78396863856
7.496,6.1884,6.8017,0.146009001503759,9024.05885480583
7.506,6.3281,6.9797,0.145890126691729,9016.49100449591
7.516,6.4678,7.1593,0.145809361654135,9011.34952358331
7.526,6.6084,7.3407,0.145482335338346,8990.5328636899
7.536,6.7483,7.5252,0.145418584962406,8986.47519919778
7.546,6.8875,7.7125,0.145453563909774,8988.70157024929
7.556,7.0275,7.9011,0.14596224962406,9021.08247588858
7.558,7.0557,7.9388,0.14658809962406,9060.930905908
7.56,7.0836,7.9764,0.147371921804511,9110.85206385609
7.57,7.1845,8.1376,0.148096501879699,9157.01447506575
7.58,7.1923,8.1419,0.149319983458647,9234.99280200605
7.59,7.1218,8.0571,0.150459095112782,9307.62920018803
7.6,6.9852,7.9182,0.15182652593985,9394.86964021737
7.61,6.7996,7.7253,0.15358667481203,9507.23748718273
7.62,6.5876,7.4932,0.155080869924812,9602.69092803652
7.63,6.372,7.2327,0.156919633082707,9720.23719581111
7.64,6.1623,6.9341,0.159079734586466,9858.43966836397
7.65,5.9635,6.6016,0.161178006390977,9992.80444313864
7.66,5.776,6.2513,0.163980287969925,10172.4329759455
7.67,5.5975,5.9024,0.166720430451128,10348.2797582112
7.68,5.4283,5.5754,0.169504905263158,10527.1759067416
7.69,5.2647,5.2677,0.172228329323308,10702.3493076155
7.7,5.106,4.9828,0.175248127067669,10896.8169773149
7.71,4.9525,4.7196,0.178797919548872,11125.7265241291
7.72,4.8012,4.472,0.182878245488722,11389.2644700617
7.73,4.652,4.2427,0.187567651503759,11692.6932944233
7.74,4.5056,4.0295,0.192398445112782,12005.8896052147
7.75,4.3601,3.8297,0.197337352255639,12326.74664428
7.76,4.2151,3.637,0.202848689473684,12685.5716867994
7.77,4.0722,3.4511,0.208369820300752,13045.862002261
7.78,3.9304,3.2671,0.214173686090225,13425.4988820472
7.79,3.7876,3.0858,0.219889127819549,13800.2527786084
7.8,3.646,2.9132,0.225288740601504,14155.1223746597
7.81,3.5054,2.746,0.230609756390977,14505.6125382062
7.82,3.3638,2.578,0.235646656766917,14838.1095895172
7.83,3.2226,2.4104,0.240052221428571,15129.5076708142
7.84,3.0828,2.2439,0.2441429,15400.5615517758
7.85,2.9423,2.0774,0.248071787218045,15661.3342695774
7.86,2.8012,1.914,0.250965335714286,15853.6641731609
7.87,2.6613,1.7546,0.253122846992481,15997.2233639188
7.88,2.5214,1.5918,0.254974286090225,16120.5208230663
7.89,2.3805,1.4243,0.256949366917293,16252.1583761983
7.9,2.2405,1.2613,0.258512855639098,16356.4414139485
7.91,2.101,1.1061,0.259981711278195,16454.4752008733
7.92,1.9604,0.9509,0.260139836466165,16465.0323526981
7.93,1.8198,0.7919,0.25945457368421,16419.2862013676
7.94,1.6803,0.6308,0.257565489097744,16293.2448622517
7.95,1.5403,0.4666,0.255111930827068,16129.6911818324
7.96,1.3995,0.3066,0.251935855263158,15918.2256757688
7.97,1.26,0.1535,0.24762089849624,15631.3854518395
7.98,1.1203,-0.0001,0.24232955075188,15280.3490702163
7.99,0.9799,-0.1462,0.236216118045113,14875.7452415019
8,0.8398,-0.2728,0.230060955263158,14469.4273724739
8.01,0.7005,-0.3792,0.223246465037594,14020.8070232381
8.02,0.5602,-0.4659,0.216149183458647,13554.9283462973
8.03,0.4198,-0.5212,0.209586430451128,13125.3655289849
8.04,0.2801,-0.5493,0.202856940225564,12686.1094842001
8.05,0.1402,-0.5656,0.196591583082707,12278.2553149337
8.06,-0.0001,-0.5722,0.190926219172932,11910.37367325
8.062,-0.0282,-0.5727,0.186625145112782,11631.6607830757
8.064,-0.056,-0.5727,0.182969653383459,11395.1733880175
8.074,-0.1563,-0.5426,0.179691807518797,11183.4223255113
8.084,-0.1642,-0.3698,0.17734652406015,11032.0920803203
8.094,-0.0944,-0.1764,0.174364097368421,10839.8624069421
8.104,0.0387,-0.0469,0.171920562406015,10682.5435224212
8.114,0.2188,-0.0141,0.169645954511278,10536.2434873517
8.124,0.4262,-0.0734,0.167538370676692,10400.8091648408
8.134,0.6417,-0.1843,0.165821495864662,10290.5692698032
8.144,0.8521,-0.2586,0.163814283834586,10161.7861750235
8.154,1.054,-0.2342,0.162600666541353,10083.9721097677
8.164,1.2432,-0.0897,0.161160387218045,9991.67569797114
8.174,1.4235,0.1582,0.160195440225564,9929.87040573989
8.184,1.5948,0.4632,0.159066457518797,9857.58982991128
8.194,1.7588,0.7923,0.158162886842105,9799.76503622711
8.204,1.9185,1.1183,0.157201296240601,9738.25090759409
8.214,2.0732,1.4256,0.156492488345865,9692.92323606327
8.224,2.2243,1.7025,0.155438401127819,9625.53977003857
8.234,2.3741,1.9491,0.154645501127819,9574.87225117266
8.244,2.5213,2.1728,0.154092216917293,9539.52636832482
8.254,2.666,2.3818,0.153576578195489,9506.59268675535
8.264,2.8108,2.5824,0.153192260526316,9482.05099690735
8.274,2.9548,2.7768,0.153089280827068,9475.47559860091
8.284,3.097,2.9642,0.152497937218045,9437.7228875604
8.294,3.2393,3.1456,0.151713471052632,9387.65500843268
8.304,3.3819,3.3243,0.151343738345865,9364.06275339262
8.314,3.5229,3.4987,0.150971609022556,9340.32120559254
8.324,3.6637,3.6745,0.150477722180451,9308.81725414668
8.334,3.8054,3.8503,0.150008767669173,9278.90961962097
8.344,3.9462,4.0236,0.149559260150376,9250.24764790834
8.354,4.0863,4.1938,0.14928157481203,9232.54423737728
8.364,4.2273,4.3639,0.148652813909774,9192.46602279825
8.374,4.3679,4.5338,0.148048303007519,9153.94333578924
8.384,4.5075,4.7057,0.147267442481203,9104.19690776247
8.394,4.6475,4.8812,0.146926706766917,9082.49461048439
8.404,4.7879,5.053,0.146693996240601,9067.67445491618
8.414,4.9273,5.22,0.146034589097744,9025.68786974108
8.424,5.0671,5.3856,0.14576815,9008.72606651451
8.434,5.2078,5.5558,0.145586066541353,8997.135506178
8.444,5.3478,5.7305,0.145285853383459,8978.02727384358
8.454,5.4872,5.9048,0.144878537218045,8952.1058326951
8.464,5.6275,6.0759,0.144417097368421,8922.74523560197
8.474,5.768,6.2448,0.144157834962406,8906.25127812139
8.484,5.9074,6.4184,0.14362182443609,8872.15652760073
8.494,6.0476,6.5968,0.143826413157895,8885.16919252609
8.504,6.1885,6.7765,0.143753826315789,8880.55225215632
8.514,6.3282,6.9534,0.143709190225564,8877.71320879189
8.524,6.4678,7.1304,0.143850753759398,8886.71742558741
8.534,6.6082,7.3118,0.144295220676692,8914.99137001492
8.544,6.7482,7.4974,0.144578911278195,8933.0405315838
8.554,6.8874,7.6863,0.144913154511278,8954.30869455586
8.564,7.0276,7.8759,0.145629342105263,8999.89014240748
8.566,7.0557,7.9139,0.146651757894737,9064.98466084454
8.568,7.0836,7.9515,0.148028279699248,9152.66750710198
8.578,7.1845,8.1117,0.149394036090226,9239.71379257169
8.588,7.1924,8.1137,0.150998222556391,9342.01900639416
8.598,7.1219,8.0265,0.152581818421053,9443.07749231688
8.608,6.9852,7.8879,0.154333170300752,9554.91838738306
8.618,6.7995,7.6971,0.156168138345865,9672.18574918913
8.628,6.5874,7.4666,0.157960227819549,9786.79865831111
8.638,6.3719,7.2074,0.160001480451128,9917.4501689336
8.648,6.162,6.9094,0.162128530075188,10053.7104643899
8.658,5.9632,6.576,0.16453092368421,10207.7536483535
8.668,5.7759,6.2282,0.167329767293233,10387.4106385806
8.678,5.5974,5.8794,0.170487616917293,10590.3621355953
8.688,5.4283,5.5523,0.174059004887218,10820.2113368245
8.698,5.2647,5.2448,0.178047790977444,11077.3261487924
8.708,5.106,4.9598,0.182626277067669,11372.9775332754
8.718,4.9525,4.6976,0.187147057894737,11665.4545741974
8.728,4.8011,4.453,0.19322189962406,12059.3396817474
8.738,4.6519,4.226,0.19876410075188,12419.5585213594
8.748,4.5055,4.0129,0.204610129323308,12800.4271711761
8.758,4.3599,3.8105,0.21037947406015,13177.2114045842
8.768,4.2149,3.6163,0.216308656015038,13565.3812376728
8.778,4.0723,3.4304,0.221909295112782,13932.92690441
8.788,3.9302,3.2469,0.227252387218045,14284.3748919032
8.798,3.7875,3.0633,0.23184197556391,14586.8891745463
8.808,3.6459,2.8906,0.236201468045113,14874.7769113685
8.818,3.5053,2.7248,0.239759711278195,15110.1434005073
8.828,3.3636,2.5564,0.243192141353383,15337.5214164678
8.838,3.2227,2.3879,0.245456742481203,15487.7174853572
8.848,3.0828,2.2207,0.248303033834586,15676.6962794114
8.858,2.9423,2.0564,0.24961392406015,15763.8086717466
8.868,2.8015,1.8937,0.251668626691729,15900.4462982363
8.878,2.6614,1.7326,0.252670626691729,15967.1221537121
8.888,2.5214,1.5689,0.253939844736842,16051.6198549591
8.898,2.3807,1.4041,0.253873927067669,16047.230298972
8.908,2.2406,1.2447,0.253461101879699,16019.7424262176
8.918,2.1009,1.0873,0.252392646992481,15948.6217936238
8.928,1.9604,0.9302,0.249694436842105,15769.1605427661
8.938,1.8199,0.7713,0.246276116541353,15542.0964224475
8.948,1.6803,0.6116,0.242099430075188,15265.1002170279
8.958,1.5403,0.4488,0.237002692857143,14927.7447103562
8.968,1.3997,0.2877,0.231034657518797,14533.6340858326
8.978,1.2599,0.1328,0.225028857142857,14138.0241101233
8.988,1.1203,-0.0192,0.218416593233083,13703.6149734821
8.998,0.9799,-0.1601,0.212229126315789,13298.2006813838
9.008,0.8398,-0.2831,0.206144408646616,12900.5393290384
9.018,0.7004,-0.3869,0.20009617406015,12506.2614574972
9.028,0.5602,-0.4696,0.194306435714286,12129.764400188
9.038,0.4198,-0.5236,0.189407807894737,11811.922544936
9.048,0.2801,-0.5523,0.184792476315789,11513.0537203348
9.058,0.1404,-0.5651,0.181678693984962,11311.7421470935
9.068,-0.0002,-0.5698,0.178317189097744,11094.706729436
9.07,-0.0282,-0.5701,0.175877247744361,10937.3614712929
9.072,-0.056,-0.57,0.172899576315789,10745.5549588811
9.082,-0.1562,-0.5402,0.170648719548872,10600.7231389222
9.092,-0.1637,-0.3674,0.168561442481203,10466.5374799531
9.102,-0.094,-0.1747,0.166974534586466,10364.5968212695
9.112,0.0393,-0.0474,0.165527018045113,10271.6688248931
9.122,0.2191,-0.0163,0.164018916165413,10174.9105293455
9.132,0.4263,-0.0745,0.162561571428571,10081.4660793468
9.142,0.6417,-0.1848,0.161212030827068,9994.9841894781
9.152,0.8522,-0.2631,0.160341321804511,9939.2126056478
9.162,1.0541,-0.2465,0.159085719548872,9858.82275531928
9.172,1.2432,-0.1095,0.157885243609022,9782.00134975946
9.182,1.4236,0.1352,0.15698092556391,9724.15696600503
9.192,1.5948,0.4394,0.155702604511278,9642.42645319074
9.202,1.7588,0.7687,0.154480536842105,9564.33286565078
9.212,1.9184,1.0922,0.153335202255639,9491.17849002068
9.222,2.0728,1.3977,0.152638883082707,9446.72035367843
9.232,2.2242,1.6777,0.151662956390977,9384.43150879308
9.242,2.3737,1.9265,0.151105654135338,9348.87275472649
9.252,2.5207,2.1515,0.150513064285714,9311.0714358618
9.262,2.666,2.3602,0.149535488721804,9248.73205694678
9.272,2.8111,2.5607,0.149172231578947,9225.57378042117
9.282,2.9548,2.7534,0.149163548120301,9225.02023723145
9.292,3.0971,2.9392,0.149024112030075,9216.13189624242
9.302,3.2397,3.1223,0.149003503383459,9214.81824326518
9.312,3.3821,3.3016,0.149015968421053,9215.61279841295
9.322,3.523,3.4751,0.148782341353383,9200.72145731493
9.332,3.6639,3.6475,0.148666166165413,9193.31700873108
9.342,3.8054,3.8229,0.148266545864662,9167.849837564
9.352,3.9461,3.9995,0.147733609774436,9133.89318888375
9.362,4.0863,4.1727,0.147160694360902,9097.39752910622
9.372,4.2272,4.3426,0.146805157142857,9074.75355284299
9.382,4.3678,4.5108,0.146375562406015,9047.39731852279
9.392,4.5075,4.6813,0.146015195112782,9024.45316469267
9.402,4.6475,4.8542,0.145672123308271,9002.61335916689
9.412,4.7879,5.0271,0.145664204887218,9002.10931228958
9.422,4.9273,5.1961,0.145634305263158,9000.20606735847
9.432,5.0669,5.3626,0.145402145112782,8985.42883215771
9.442,5.2077,5.5306,0.145642227067669,9000.71032339829
9.452,5.3478,5.7059,0.14515030075188,8969.40027459713
9.462,5.4871,5.8809,0.145648435338346,9001.10550698222
9.472,5.6274,6.0534,0.145677887593985,9002.98028565191
9.482,5.7678,6.2247,0.14601742368421,9024.59504469661
9.492,5.9074,6.3976,0.146437691729323,9051.35336244394
9.502,6.0476,6.5746,0.147387480827068,9111.84317178005
9.512,6.1886,6.7543,0.14764507443609,9128.25277835165
9.522,6.3284,6.9313,0.148508858270677,9183.29152412347
9.532,6.4678,7.1082,0.149148330075188,9224.05013947786
9.542,6.6083,7.2887,0.150125412781955,9286.34813635885
9.552,6.7482,7.4741,0.150911810902256,9336.50647403478
9.562,6.8875,7.6618,0.151963689097744,9403.62320034662
9.572,7.0277,7.8501,0.153238836842105,9485.02505179745
9.574,7.0558,7.8878,0.15536724962406,9620.9924031086
9.576,7.0836,7.9254,0.156980304887218,9724.11727205844
9.586,7.1847,8.0882,0.158781427067669,9839.34672700566
9.596,7.1928,8.0949,0.160570413909774,9953.88471223728
9.606,7.1224,8.0108,0.162654314661654,10087.4110664438
9.616,6.9853,7.8694,0.16533724887218,10259.4901061265
9.626,6.7994,7.6767,0.167561821804511,10402.3154953478
9.636,6.5873,7.4486,0.170419245488722,10585.9651686868
9.646,6.3717,7.1895,0.173265319172932,10769.1015125308
9.656,6.1618,6.8918,0.176489583458647,10976.8343934787
9.666,5.9631,6.5591,0.180042804135338,11206.0831757889
9.676,5.7757,6.2123,0.184333781203007,11483.3819140224
9.686,5.5972,5.8653,0.18817575037594,11732.083755385
9.696,5.4282,5.5393,0.192808154511278,12032.4813763497
9.706,5.2646,5.2307,0.197976791729323,12368.3362080596
9.716,5.106,4.9431,0.203619830075188,12735.8438777621
9.726,4.9524,4.6782,0.208510251127819,13055.0368709585
9.736,4.8011,4.4311,0.214225672556391,13428.9035315309
9.746,4.6519,4.2048,0.219922131954887,13802.4194182109
9.756,4.5056,3.993,0.225947647744361,14198.4815669819
9.766,4.36,3.7907,0.230800472180451,14518.1893209218
9.776,4.2151,3.5956,0.235395781954887,14821.5321472054
9.786,4.0723,3.4106,0.239882969172932,15118.302824453
9.796,3.9302,3.2271,0.24376107518797,15375.2415958122
9.806,3.7875,3.0458,0.247112096240601,15597.5967397722
9.816,3.646,2.8732,0.250193254511278,15802.3221523006
9.826,3.5053,2.7064,0.252271428947368,15940.5550573484
9.836,3.3638,2.5406,0.2547771,16107.3845445701
9.846,3.2227,2.3723,0.256776235714286,16240.6149366824
9.856,3.0828,2.202,0.258134836090226,16331.2216080004
9.866,2.9424,2.0358,0.258561622556391,16359.6952215878
9.876,2.8015,1.8762,0.258072113909774,16327.0374482155
9.886,2.6613,1.7163,0.256764552255639,16239.8359780607
9.896,2.5214,1.5523,0.255006993609023,16122.699860604
9.906,2.3806,1.3862,0.252093071428571,15928.6865910252
9.916,2.2403,1.2257,0.247872892481203,15648.1226326429
9.926,2.1009,1.0697,0.24362199887218,15366.0200354816
9.936,1.9608,0.9147,0.238124572556391,15001.9404865591
9.946,1.8202,0.7552,0.232314993609022,14618.100396583
9.956,1.6804,0.594,0.226110669172932,14209.2109915183
9.966,1.5403,0.4315,0.219217539849624,13756.1711922819
9.976,1.3995,0.2718,0.212765017669173,13333.2718231588
9.986,1.2598,0.1174,0.206280884586466,12909.4475262348
9.996,1.1203,-0.0341,0.200443705263158,12528.8897319298
10.006,0.9797,-0.1753,0.195457830827068,12204.5654265148
10.016,0.8398,-0.2984,0.190602832706767,11889.4006510616
10.026,0.7005,-0.4002,0.186899865037594,11649.4479522638
10.036,0.5603,-0.4782,0.183650686842105,11439.2047732326
10.046,0.4198,-0.53,0.180239554887218,11218.7871330813
10.056,0.2801,-0.5575,0.17732347481203,11030.6055497959
10.066,0.1402,-0.569,0.175073236090226,10885.547780731
10.076,-0.0004,-0.5715,0.172473206015038,10718.1097097133
10.078,-0.0283,-0.5714,0.170515868421053,10592.179026291
10.08,-0.056,-0.5709,0.168264757518797,10447.4737795684
10.09,-0.1564,-0.539,0.166338621804511,10323.7654930604
10.1,-0.1643,-0.3671,0.164658955639098,10215.9674443932
10.11,-0.0948,-0.1735,0.162753804135338,10093.788751613
10.12,0.0386,-0.0434,0.161518378571428,10014.6114758047
10.13,0.2189,-0.0098,0.160396743609023,9942.76194420747
10.14,0.4265,-0.07,0.158904005263158,9847.19196454164
10.15,0.6421,-0.1855,0.158009995488722,9789.98275553051
10.16,0.8525,-0.2683,0.156948942857143,9722.11159898865
10.17,1.0544,-0.256,0.15572885037594,9644.10407051792
10.18,1.2435,-0.1269,0.154691992105263,9577.84263786005
10.19,1.4237,0.1097,0.153778633082707,9519.49703324383
10.2,1.5949,0.4103,0.152881245864662,9462.19312664232
10.21,1.7589,0.7395,0.15227694962406,9423.61690478075
10.22,1.9188,1.0656,0.151592838721804,9379.95719083789
10.23,2.0733,1.3723,0.151122457142857,9349.94475363529
10.24,2.2245,1.651,0.150877778571429,9334.33547445083
10.25,2.3745,1.9013,0.15051812368421,9311.39413589649
10.26,2.5212,2.1276,0.150305597368421,9297.83930015432
10.27,2.666,2.3373,0.149637990601504,9255.26735807874
10.28,2.8111,2.5397,0.149744615413534,9262.06582169288
10.29,2.9548,2.7316,0.149442701503759,9242.81638009446
10.3,3.097,2.9174,0.149326462030075,9235.40581701796
10.31,3.2394,3.1021,0.149318285714286,9234.8845693913
10.32,3.3819,3.283,0.149175707142857,9225.79533724931
10.33,3.5228,3.4572,0.148859638721804,9205.64821686065
10.34,3.6637,3.6293,0.148722312406015,9196.89545620143
10.35,3.8053,3.8005,0.148349735338346,9173.1510256763
10.36,3.9461,3.9754,0.147678393609023,9130.37545251632
10.37,4.0861,4.1484,0.147169482330827,9097.95727225476
10.38,4.2273,4.3185,0.146637145864662,9064.05415822465
10.39,4.3679,4.4867,0.146134989097744,9032.0799261729
10.4,4.5074,4.6577,0.145663008270677,9002.03314183912
10.41,4.6474,4.835,0.145173531954887,8970.8787478048
10.42,4.7876,5.0102,0.144649978195489,8937.562330989
10.43,4.927,5.1787,0.144386434962406,8920.79443895911
10.44,5.0668,5.3441,0.144325794360902,8916.93644890491
10.45,5.2077,5.5143,0.143939984962406,8892.39328900417
10.46,5.3477,5.6876,0.144099241353383,8902.52386831389
10.47,5.4871,5.8624,0.144394919172932,8921.33421701197
10.48,5.6275,6.0345,0.14470595037594,8941.12378551887
10.49,5.7678,6.2025,0.145332485338346,8980.99519067526
10.5,5.9074,6.373,0.146008577443609,9024.03185747982
10.51,6.0475,6.5488,0.14677384887218,9072.7597046805
10.52,6.1884,6.7316,0.147680731203007,9130.5243753852
10.53,6.3281,6.9133,0.148756340977444,9199.06428740885
10.54,6.4677,7.0934,0.149557851127819,9250.15781268071
10.55,6.6083,7.2748,0.150969184210526,9340.16651650915
10.56,6.7482,7.4594,0.152082178571429,9411.18543094116
10.57,6.8875,7.6472,0.15397154962406,9531.81875843808
10.58,7.0275,7.8324,0.155804357142857,9648.93051166876
10.582,7.0557,7.8698,0.15772389887218,9771.6794072592
10.584,7.0836,7.9071,0.159774961654135,9902.94627140341
10.594,7.1846,8.0673,0.162174453383459,10056.653665212
10.604,7.1925,8.0747,0.164976262406015,10236.3259019765
10.614,7.1223,7.9907,0.167932573308271,10426.1318280018
10.624,6.9856,7.85,0.17089392518797,10616.4943909182
10.634,6.7996,7.657,0.174265990601504,10833.5430586585
10.644,6.5874,7.4286,0.177472766917293,11040.2341971129
10.654,6.3717,7.1719,0.181653327067669,11310.1031991822
10.664,6.1617,6.8737,0.185892095112782,11584.2082553281
10.674,5.963,6.5387,0.190634977443609,11891.485251141
10.684,5.7756,6.1894,0.195497659398496,12207.1535534326
10.694,5.5972,5.844,0.200973295488722,12563.3784429538
10.704,5.4282,5.5215,0.206315462781955,12911.7046301312
10.714,5.2646,5.2158,0.211763027443609,13267.7034568666
10.724,5.106,4.9311,0.217205589097744,13624.1851794401
10.734,4.9524,4.6651,0.222249370300752,13955.2723149183
10.744,4.801,4.4164,0.227401241729323,14294.177234274
10.754,4.6517,4.1883,0.231852933834586,14587.6121657282
10.764,4.5055,3.9783,0.23636337443609,14885.4788692941
10.774,4.36,3.7779,0.240054518421053,15129.6597419067
10.784,4.2152,3.5813,0.243598615789474,15364.4696554498
10.794,4.0723,3.3929,0.246602618796992,15563.7704374664
10.804,3.9303,3.2093,0.249024585338346,15724.6394858105
10.814,3.7876,3.0305,0.251172438345865,15867.4389679276
10.824,3.646,2.8584,0.252802746992481,15975.9159048418
10.834,3.5054,2.6898,0.25405664849624,16059.3982911159
10.844,3.3638,2.5233,0.255112170676692,16129.7071618914
10.854,3.2226,2.3552,0.254709894736842,16102.9076676051
10.864,3.0828,2.1882,0.253557814285714,16026.1815712535
10.874,2.9424,2.0223,0.251106541353383,15863.0559017603
10.884,2.8013,1.8602,0.248591828947368,15695.883409589
10.894,2.6613,1.7028,0.243897136466165,15384.2637636908
10.904,2.5215,1.5378,0.238997554135338,15059.6995182975
10.914,2.3806,1.3686,0.232872660526316,14654.9049737798
10.924,2.2403,1.2064,0.226596722556391,14241.2054494007
10.934,2.101,1.0519,0.220278870300752,13825.8403151616
10.944,1.9604,0.8981,0.213940904887218,13410.2546982139
10.954,1.8198,0.741,0.207417016541353,12983.6259856476
10.964,1.6803,0.5806,0.200905590601504,12558.9688467924
10.974,1.5402,0.4163,0.195171964285714,12185.9906016407
10.984,1.3995,0.2556,0.189851190225564,11840.6642538654
10.994,1.2599,0.1002,0.185531246992481,11560.854780286
11.004,1.1203,-0.0503,0.181999355263158,11332.4614513267
11.014,0.9797,-0.1898,0.179041134586466,11141.4226662008
11.024,0.8398,-0.3117,0.176860213909774,11000.7311680972
11.034,0.7005,-0.4126,0.174537894360902,10851.0578182928
11.044,0.5602,-0.4868,0.172153277067669,10697.5192221786
11.054,0.4198,-0.5292,0.170039635338346,10561.5547023391
11.064,0.2801,-0.5533,0.167978487593985,10429.0815239154
11.074,0.1402,-0.5671,0.166412166541353,10328.4871781638
11.084,-0.0004,-0.5715,0.164444261654135,10202.1941563053
11.086,-0.0283,-0.5718,0.162947587218045,10106.2117987881
11.088,-0.056,-0.5714,0.161148869548872,9990.93784068419
11.098,-0.1562,-0.5393,0.160100271804511,9923.77616039185
11.108,-0.164,-0.3659,0.159161936090225,9863.70132540703
11.118,-0.0942,-0.174,0.15767972443609,9768.85349148416
11.128,0.0392,-0.046,0.156600034962406,9699.79989838752
11.138,0.2192,-0.0125,0.155323389849624,9618.18934565394
11.148,0.4267,-0.0709,0.154193158646616,9545.97430488285
11.158,0.642,-0.185,0.153012119548872,9470.54892581848
11.168,0.8524,-0.2701,0.152490015413534,9437.21720419782
11.178,1.0541,-0.2638,0.151932859774436,9401.65567307101
11.188,1.2434,-0.1408,0.151609830827068,9381.04147172608
11.198,1.4236,0.0894,0.151488530827068,9373.301380655
11.208,1.5948,0.3888,0.150787856766917,9328.59930518837
11.218,1.7588,0.7186,0.150395836090226,9303.59454135174
11.228,1.9185,1.0455,0.150354369548872,9300.94986351935
11.238,2.0732,1.3527,0.15023162593985,9293.12171340327
11.248,2.2243,1.6308,0.150316444736842,9298.53111181099
11.258,2.3741,1.8819,0.150355471052632,9301.02011529905
11.268,2.5212,2.1094,0.150147953759398,9287.78562693186
11.278,2.6658,2.3201,0.149691078571428,9258.65224234045
11.288,2.8108,2.5217,0.14977902406015,9264.25980196461
11.298,2.9547,2.7136,0.149253122180451,9230.73039718421
11.308,3.0968,2.8986,0.148550170676692,9185.92436711307
11.318,3.2394,3.0812,0.148458194360902,9180.06277025241
11.328,3.3819,3.2615,0.147957454511278,9148.15481052476
11.338,3.5229,3.437,0.147307181954887,9106.72821121795
11.348,3.6637,3.6123,0.14677767368421,9073.00328412731
11.358,3.8054,3.7856,0.146706496616541,9068.47050446869
11.368,3.9462,3.9599,0.146349713533834,9045.75143837084
11.378,4.0863,4.1332,0.145880819548872,9015.89850552337
11.388,4.2275,4.3029,0.145684572556391,9003.40581904326
11.398,4.3679,4.4719,0.145492682706767,8991.19147612432
11.408,4.5075,4.643,0.145427768045113,8987.05968908102
11.418,4.6475,4.8171,0.145567186090226,8995.93371689814
11.428,4.7879,4.989,0.145755236466165,9007.90402419205
11.438,4.9273,5.1569,0.145666072932331,9002.22822250235
11.448,5.0671,5.3256,0.14547797481203,8990.2553160049
11.458,5.2078,5.4985,0.14555419962406,8995.10710034839
11.468,5.3478,5.6725,0.145634214285714,9000.20027627266
11.478,5.4872,5.8439,0.146197086090225,9036.03351948602
11.488,5.6276,6.0139,0.146923319548872,9082.27888551812
11.498,5.768,6.1839,0.147901134586466,9144.56642510277
11.508,5.9074,6.3582,0.149237457142857,9229.73176841727
11.518,6.0475,6.5355,0.150843986842105,9332.17985353322
11.528,6.1884,6.7149,0.152257720300752,9422.38952790604
11.538,6.3281,6.8937,0.154098402631579,9539.92149047738
11.548,6.4677,7.0732,0.155825045864662,9650.25297434632
11.558,6.6083,7.2548,0.157573986466165,9762.08945841012
11.568,6.7483,7.4385,0.159675427443609,9896.57356960737
11.578,6.8874,7.6276,0.161916991353383,10040.1537797515
11.588,7.0276,7.8166,0.164223571804511,10188.0374895119
11.59,7.0557,7.8541,0.166884717669173,10358.8291145845
11.592,7.0836,7.8913,0.169621056015038,10534.6428084856
11.602,7.1845,8.051,0.17230514887218,10707.2932850299
11.612,7.1924,8.0565,0.175255678947368,10897.3036052488
11.622,7.1221,7.9743,0.178923421804511,11133.8257484067
11.632,6.9852,7.8361,0.183112022932331,11404.3770877023
11.642,6.7994,7.6442,0.188050362406015,11723.9607582453
11.652,6.5871,7.415,0.192968181578947,12042.8690011666
11.662,6.3717,7.1579,0.198921970300752,12429.8315338907
11.672,6.1618,6.8601,0.204510865037594,12793.9523549268
11.682,5.9631,6.5264,0.210606858270677,13192.0800008474
11.692,5.7757,6.1799,0.216550821052631,13581.255676701
11.702,5.5972,5.8337,0.222431840601504,13967.2632506937
11.712,5.4282,5.5085,0.227684855639098,14312.8554224758
11.722,5.2646,5.1999,0.232401395488722,14623.8021339809
11.732,5.106,4.913,0.236535192481203,14896.8367798907
11.742,4.9524,4.6488,0.240496263909774,15158.9079814864
11.752,4.8011,4.4025,0.243739662030075,15373.8217450545
11.762,4.6519,4.174,0.247085397368421,15595.8239118129
11.772,4.5055,3.9607,0.249557218421053,15760.0394255105
11.782,4.3599,3.7608,0.251691848120301,15901.9911978963
11.792,4.2151,3.5673,0.253752756015037,16039.1616557665
11.802,4.0722,3.3803,0.256153375939849,16199.0930297371
11.812,3.9301,3.1964,0.257580480075188,16294.2446778267
11.822,3.7873,3.0152,0.258277713157895,16340.7532664615
11.832,3.6459,2.8439,0.258485961654135,16354.6470323841
11.842,3.5052,2.6775,0.25709192518797,16261.6640128425
11.852,3.3636,2.5109,0.255510219172932,16156.2294984051
11.862,3.2227,2.3431,0.25229319924812,15942.0037822154
11.872,3.0828,2.1748,0.248442427443609,15685.9570982707
11.882,2.9424,2.007,0.243849976691729,15381.1365598249
11.892,2.8015,1.8445,0.238658802255639,15037.2841817365
11.902,2.6614,1.6867,0.232176872932331,14608.9861186897
11.912,2.5214,1.5239,0.225712437593985,14183.0022580523
11.922,2.3806,1.357,0.218639415413534,13718.2342690293
11.932,2.2405,1.1951,0.211893178195489,13276.2187278624
11.942,2.1009,1.0379,0.205791733458647,12877.5215020295
11.952,1.9603,0.8834,0.199699103007519,12480.4115799888
11.962,1.8198,0.7271,0.194037270676692,12112.2831119424
11.972,1.6803,0.5672,0.189964296616541,11847.9970834468
11.982,1.5403,0.4038,0.186719978947368,11637.8007178482
11.992,1.3997,0.2416,0.183566663533834,11433.7716756515
12.002,1.2599,0.0858,0.180403304887218,11229.3610627308
12.012,1.1203,-0.0643,0.177585278947368,11047.4910943747
12.022,0.9799,-0.1996,0.175057205639098,10884.5148906445
12.032,0.84,-0.3154,0.172156720300752,10697.7408126311
12.042,0.7007,-0.4143,0.169688515037594,10538.9796640981
12.052,0.5603,-0.4894,0.167544237969925,10401.1860358681
12.062,0.4198,-0.5334,0.165532256766917,10272.0050412137
12.072,0.2801,-0.555,0.163964219924812,10171.4024077545
12.082,0.1402,-0.5669,0.162165012030075,10056.0485692459
12.092,-0.0004,-0.5722,0.160652353007519,9959.13280423404
12.094,-0.0283,-0.5726,0.15934677593985,9875.53343923668
12.096,-0.056,-0.5725,0.157811110526316,9777.2586403668
12.106,-0.1564,-0.5412,0.156517220676692,9694.50462453542
12.116,-0.1643,-0.3688,0.155659091353383,9639.64516259884
12.126,-0.0949,-0.1761,0.154341165789474,9555.42916268595
12.136,0.0377,-0.0483,0.153725288721804,9516.09006175754
12.146,0.2184,-0.0116,0.153328940977444,9490.77866706097
12.156,0.4267,-0.0686,0.152602438345865,9444.39380543342
12.166,0.6426,-0.1866,0.151901796992481,9399.6732717738
12.176,0.8533,-0.2787,0.151801841353383,9393.29435716129
12.186,1.0552,-0.2754,0.150952163157895,9339.08067544663
12.196,1.2442,-0.1544,0.150613079323308,9317.45074915314
12.206,1.4243,0.075,0.150003998120301,9278.60547073631
12.216,1.5954,0.3725,0.150199537969925,9291.07532232694
12.226,1.7591,0.7,0.150009993609022,9278.98779655318
12.236,1.9189,1.0273,0.149727934962406,9261.00224614382
12.246,2.0733,1.3358,0.149399884586466,9240.08665103467
12.256,2.2245,1.6153,0.149149502255639,9224.12486171198
12.266,2.3739,1.8659,0.14882217556391,9203.26038024853
12.276,2.5208,2.0912,0.148857719548872,9205.52589121521
12.286,2.6662,2.3015,0.148038292481203,9153.3054919908
12.296,2.8111,2.5026,0.147913446240601,9145.35084659597
12.306,2.9549,2.6963,0.147774018796992,9136.46763585122
12.316,3.0971,2.8843,0.147299910150376,9106.26501265652
12.326,3.2396,3.0668,0.146862887969925,9078.43017287998
12.336,3.3821,3.2443,0.146271291353383,9040.75815523909
12.346,3.523,3.4173,0.146027871428571,9025.26019272069
12.356,3.6639,3.5924,0.145772430075188,9008.99852604845
12.366,3.8054,3.7677,0.145317613157895,8980.04863624589
12.376,3.9461,3.9423,0.14508512593985,8965.25251441836
12.386,4.0863,4.113,0.144890811654135,8952.88690943938
12.396,4.2273,4.2824,0.145131676315789,8968.21499407754
12.406,4.3679,4.4528,0.145543764285714,8994.44287178534
12.416,4.5075,4.6254,0.14547522406015,8990.08023078753
12.426,4.6475,4.7995,0.145778016165413,9009.35412415501
12.436,4.7879,4.9726,0.146158282706767,9033.56297256471
12.446,4.9273,5.1408,0.14650427556391,9055.59315688476
12.456,5.0671,5.3081,0.147163493233083,9097.57580094905
12.466,5.2078,5.4791,0.147496371052632,9118.779644352
12.476,5.3478,5.6534,0.14822462443609,9165.17849420404
12.486,5.4871,5.827,0.149503177443609,9246.67201605228
12.496,5.6275,5.9981,0.150773930075188,9327.71093166578
12.506,5.768,6.1669,0.151726887218045,9388.51114748672
12.516,5.9074,6.3432,0.153029178195489,9471.63809035577
12.526,6.0475,6.5212,0.154896964661654,9590.93935868201
12.536,6.1884,6.6994,0.156883580451128,9717.93160811987
12.546,6.3282,6.8784,0.15887469962406,9845.31631179155
12.556,6.4678,7.0576,0.161216869548872,9995.29418053346
12.566,6.6083,7.2379,0.163757691353383,10158.1567404473
12.576,6.7482,7.4232,0.166395383834586,10327.4096899504
12.586,6.8874,7.6121,0.16960954962406,10533.9030891919
12.596,7.0275,7.8024,0.172923767669173,10747.1122898969
12.598,7.0557,7.8402,0.175920377067669,10940.1413835331
12.6,7.0836,7.8778,0.179105705263158,11145.5900697944
12.61,7.1845,8.0372,0.183024754135338,11398.7353968113
12.62,7.1924,8.0383,0.187217472180451,11670.0144520308
12.63,7.1221,7.9553,0.192073020676692,11984.7714931639
12.64,6.9852,7.8204,0.196563806766917,12276.4495369271
12.65,6.7993,7.63,0.20233365,12652.0042395195
12.66,6.587,7.3998,0.207273431578947,12974.2493309335
12.67,6.3715,7.1409,0.212767062781955,13333.4056795823
12.68,6.1617,6.8445,0.217796753383459,13662.9546352438
12.69,5.9629,6.5125,0.222460536842105,13969.1490917625
12.7,5.7756,6.164,0.227171965789474,14279.0792478479
12.71,5.5971,5.8183,0.231430752631579,14559.7604203376
12.72,5.4281,5.4936,0.235659406766917,14838.9521375716
12.73,5.2645,5.1857,0.239305120676692,15080.054072529
12.74,5.1059,4.9005,0.242055177443609,15262.1680034672
12.75,4.9524,4.637,0.24470625,15437.9264162177
12.76,4.8011,4.3923,0.24671660037594,15571.337513483
12.77,4.6519,4.1647,0.248742015413534,15705.8625033924
12.78,4.5056,3.9507,0.250470854887218,15820.7801595417
12.79,4.36,3.7469,0.251451573308271,15886.0066727879
12.8,4.2151,3.5518,0.251942518045113,15918.6689926961
12.81,4.0722,3.3684,0.251814588721804,15910.1572649424
12.82,3.9301,3.1877,0.250457716165414,15819.9065003294
12.83,3.7873,3.0083,0.248165095112782,15667.5326529682
12.84,3.6459,2.8349,0.245537983458646,15493.1083225225
12.85,3.5052,2.6646,0.241359908270677,15216.1060902779
12.86,3.3636,2.4954,0.236754388721804,14911.3277821258
12.87,3.2226,2.329,0.231122063909774,14539.3990163183
12.88,3.0828,2.1613,0.224660426315789,14113.78748145
12.89,2.9423,1.9941,0.218638751127819,13718.1906834204
12.9,2.8013,1.8317,0.212138141353383,13292.246995615
12.91,2.6613,1.6731,0.206039518796992,12893.6931961497
12.92,2.5214,1.5146,0.199763409774436,12484.5977496944
12.93,2.3806,1.3509,0.19391112406015,12104.0910228005
12.94,2.2405,1.1868,0.188651644360902,11762.9174037956
12.95,2.1009,1.0261,0.184800185714286,11513.5524697867
12.96,1.9608,0.8686,0.181172443233083,11279.0367220343
12.97,1.8203,0.7092,0.178495965413534,11106.2417950777
12.98,1.6805,0.5471,0.175161320300752,10891.2234332985
12.99,1.5404,0.3848,0.17274844924812,10735.8264282631
13,1.3995,0.2259,0.170388989473684,10584.0194439458
13.01,1.2598,0.0736,0.168032660150376,10432.5618323988
13.02,1.1205,-0.0735,0.166412648120301,10328.5180967456
13.03,0.98,-0.2109,0.164920117293233,10232.7234271613
13.04,0.8398,-0.3274,0.16267757443609,10088.9020903207
13.05,0.7007,-0.4234,0.160955503383459,9978.55073430294
13.06,0.5603,-0.496,0.159557855263158,9889.04632007532
13.07,0.4197,-0.541,0.158000905263158,9789.40116500032
13.08,0.2801,-0.5632,0.156684993984962,9705.23249821896
13.09,0.1404,-0.5712,0.155758918796992,9646.02604532091
13.1,-0.0002,-0.5727,0.155006533834586,9597.94073513582
13.102,-0.0283,-0.5722,0.153635243984962,9510.33929880817
13.104,-0.056,-0.5711,0.152878510902256,9462.01851425305
13.114,-0.1562,-0.5374,0.152036301127819,9408.25739865929
13.124,-0.164,-0.3671,0.151512293609022,9374.81764113633
13.134,-0.0941,-0.1773,0.150608422180451,9317.15369424775
13.144,0.0392,-0.0498,0.150349887218045,9300.66398945624
13.154,0.2192,-0.0154,0.149776777067669,9264.11652722558
13.164,0.4267,-0.07,0.149597564661654,9252.68985342772
13.174,0.6421,-0.1829,0.149041627443609,9217.24838663577
13.184,0.8525,-0.275,0.14859712443609,9188.91678845479
13.194,1.0544,-0.2774,0.148200533834586,9163.64339878926
13.204,1.2434,-0.1625,0.147687503383459,9130.95581661976
13.214,1.4237,0.0626,0.147041220676692,9089.7879435849
13.224,1.5949,0.3566,0.147213992857143,9100.79236795877
13.234,1.7589,0.6817,0.147355121052632,9109.78186505556
13.244,1.9186,1.0087,0.147241307518797,9102.5321996907
13.254,2.0733,1.3168,0.147224742481203,9101.47707251201
13.264,2.2244,1.5986,0.147372118045113,9110.86456431997
13.274,2.3743,1.8522,0.146912553383459,9081.59321253623
13.284,2.521,2.0782,0.146582318421053,9060.56276450734
13.294,2.6658,2.2882,0.146525246992481,9056.92855834997
13.304,2.8111,2.4876,0.145936960526316,9019.47251238043
13.314,2.9549,2.6797,0.145472083834586,8989.8803558325
13.324,3.0972,2.8664,0.144948976691729,8956.58826215341
13.334,3.2398,3.0516,0.144567047368421,8932.28567537325
13.344,3.3822,3.23,0.144356018045113,8918.85928508672
13.354,3.5229,3.404,0.144068276691729,8900.55409965141
13.364,3.6637,3.5792,0.143662868045113,8874.76697816996
13.374,3.8053,3.7547,0.143692310902256,8876.639626326
13.384,3.946,3.9316,0.143494637218045,8864.06746203078
13.394,4.0861,4.1003,0.143921198120301,8891.1982687302
13.404,4.2272,4.267,0.144530567669173,8929.96463164585
13.414,4.3678,4.437,0.145238187593985,8974.99361695801
13.424,4.5074,4.6094,0.146091429699248,9029.30664535752
13.434,4.6474,4.7852,0.147276107518797,9104.74884509622
13.444,4.7877,4.9589,0.148632783834586,9191.18944486341
13.454,4.9272,5.1266,0.149720863533835,9260.55136135435
13.464,5.0669,5.2917,0.150752870676692,9326.36757766531
13.474,5.2077,5.4608,0.152113333458647,9413.17385832182
13.484,5.3478,5.6342,0.153479793233083,9500.41184304489
13.494,5.4871,5.8092,0.154797440601504,9584.58013078741
13.504,5.6272,5.9834,0.156592385714286,9699.31078601027
13.514,5.7677,6.1525,0.158450543984962,9818.1715641533
13.524,5.9073,6.3248,0.160706723308271,9962.615248944
13.534,6.0476,6.5021,0.163230340977444,10124.3403646245
13.544,6.1885,6.6829,0.165844512406015,10292.0466355474
13.554,6.3282,6.8627,0.168529578571429,10464.4899298544
13.564,6.4679,7.0413,0.171493068421053,10655.0371067795
13.574,6.6084,7.2207,0.174464746992481,10846.3458152386
13.584,6.7482,7.4043,0.178475653383459,11104.9311723606
13.594,6.8874,7.5926,0.182245960150376,11348.3975298206
13.604,7.0275,7.7833,0.186441064661654,11619.7433437189
13.606,7.0556,7.8218,0.191393843609022,11940.7061454584
13.608,7.0835,7.86,0.196815781954887,12292.8315688248
13.618,7.1845,8.0236,0.201630019172932,12606.1570895068
13.628,7.1924,8.0276,0.207207226315789,12969.9260598227
13.638,7.1221,7.9418,0.212697165789474,13328.8308566686
13.648,6.9852,7.8045,0.218115247744361,13683.8459547655
13.658,6.7995,7.6168,0.223210386842105,14018.4352830149
13.668,6.5873,7.3895,0.22856327481203,14370.7202657933
13.678,6.3716,7.1286,0.232966803007519,14661.1189840988
13.688,6.1616,6.829,0.237407466541353,14954.5104818538
13.698,5.9629,6.4974,0.241024414661654,15193.8842933474
13.708,5.7755,6.1521,0.244284082330827,15409.924807949
13.718,5.597,5.8086,0.246909936466165,15584.1736532923
13.728,5.428,5.4851,0.248834933834586,15712.0367553605
13.738,5.2643,5.1775,0.250898461278195,15849.2164822648
13.748,5.1058,4.8911,0.252846255639098,15978.8118895107
13.758,4.9524,4.6244,0.254201288721804,16069.0310011066
13.768,4.801,4.3785,0.254872159774436,16113.7171656678
13.778,4.652,4.1522,0.254939702255639,16118.216814452
13.788,4.5056,3.9412,0.254743248496241,16105.1295116231
13.798,4.36,3.7392,0.253145292481203,15998.7175558733
13.808,4.2151,3.543,0.25078442518797,15841.6324488216
13.818,4.0722,3.3565,0.247938820300752,15652.5017834331
13.828,3.9302,3.1746,0.243915922556391,15385.5095022308
13.838,3.7875,2.9958,0.238885573308271,15052.2893528266
13.848,3.646,2.8241,0.233309090977443,14683.7142640712
13.858,3.5053,2.6554,0.227379643984962,14292.7549453032
13.868,3.3638,2.4863,0.220730272180451,13855.4811561863
13.878,3.2226,2.3182,0.214423495112782,13441.8598194264
13.888,3.0828,2.1519,0.20778197518797,13007.461729339
13.898,2.9423,1.9873,0.201370652255639,12589.260661503
13.908,2.8013,1.8244,0.195498005263158,12207.1760284824
13.918,2.6613,1.6641,0.190435038345865,11878.5195665827
13.928,2.5213,1.5034,0.18606044962406,11595.1050699959
13.938,2.3805,1.3381,0.182644307518797,11374.1429434324
13.948,2.2403,1.1755,0.179329333458647,11160.0239383688
13.958,2.1012,1.018,0.176621951127819,10985.3685117498
13.968,1.9605,0.8592,0.174026709774436,10818.1313473226
13.978,1.8199,0.7002,0.171953621428571,10684.6708551783
13.988,1.6804,0.5397,0.169711582330827,10540.4626591255
13.998,1.5404,0.3761,0.167764742481203,10415.3502597064
14.008,1.3995,0.2165,0.165913237969925,10296.4580160069
14.018,1.2599,0.0649,0.16428357406015,10191.8863466991
14.028,1.1203,-0.0809,0.162622883834586,10085.3962754612
14.038,0.9797,-0.2171,0.161083102631579,9986.72467711824
14.048,0.8398,-0.3356,0.159832578947368,9906.63535225037
14.058,0.7005,-0.4307,0.158751967293233,9837.46130465085
14.068,0.5603,-0.5006,0.157592733834586,9763.28870161598
14.078,0.4198,-0.5414,0.15637695075188,9685.53596111205
14.088,0.2801,-0.5615,0.15570602443609,9642.64505136467
14.098,0.1402,-0.5705,0.154813487969925,9585.60548198957
14.108,-0.0002,-0.5714,0.154062028195489,9537.5980310858
14.11,-0.0283,-0.5708,0.153071712781955,9474.3538821664
14.112,-0.056,-0.5698,0.152879058270677,9462.05346071683
14.122,-0.1563,-0.5372,0.15233517368421,9427.33331256225
14.132,-0.1643,-0.3643,0.152013090977444,9406.77608026538
14.142,-0.0948,-0.1732,0.151592298496241,9379.92271870351
14.152,0.0378,-0.0466,0.151669431954887,9384.84473116536
14.162,0.2184,-0.012,0.151158813909774,9352.26426945477
14.172,0.4267,-0.0691,0.150859802255639,9333.18873678761
14.182,0.6428,-0.1853,0.150567484586466,9314.54252273226
14.192,0.8534,-0.2805,0.150366493984962,9301.72313836468
14.202,1.0552,-0.2856,0.149763696616541,9263.28248246801
14.212,1.2443,-0.1763,0.149767277067669,9263.51078121815
14.222,1.4245,0.0442,0.149322281578947,9235.13930920688
14.232,1.5954,0.3366,0.148912833082707,9209.03879639021
14.242,1.7591,0.6623,0.148415188721804,9177.32212225533
14.252,1.9189,0.989,0.14847990037594,9181.44606187113
14.262,2.0734,1.2978,0.148204768421053,9163.91323296767
14.272,2.2245,1.5804,0.147593972180451,9124.99724884563
14.282,2.3743,1.8355,0.147033915037594,9089.32264084015
14.292,2.5214,2.064,0.146652442857143,9065.02827978858
14.302,2.666,2.2746,0.146292530075188,9042.11044742592
14.312,2.811,2.474,0.145974998496241,9021.89410547028
14.322,2.9549,2.6653,0.145645962030075,9000.94806997125
14.332,3.097,2.8514,0.145343810902256,8981.71602112579
14.342,3.2394,3.0355,0.145198403007519,8972.46159951016
14.352,3.3819,3.2163,0.145131840977444,8968.22547329462
14.362,3.5228,3.3916,0.145214328571428,8973.47514799954
14.372,3.6636,3.5657,0.145372533082707,8983.54409725813
14.382,3.8053,3.739,0.145509873308271,8992.28566816143
14.392,3.9461,3.9142,0.145989816917293,9022.83749379635
14.402,4.0863,4.0844,0.146388060526316,9048.19311999981
14.412,4.2273,4.2525,0.146556701503759,9058.93151461155
14.422,4.3679,4.4213,0.147274851879699,9104.66886446759
14.432,4.5074,4.593,0.148273529699248,9168.29487030357
14.442,4.6475,4.7679,0.149605528947368,9253.19764239099
14.452,4.7879,4.9408,0.150833992481203,9331.54230525392
14.462,4.9273,5.1109,0.152055117293233,9409.45829452184
14.472,5.0671,5.2809,0.153862477819549,9524.85213937886
14.482,5.2078,5.452,0.155502669172932,9629.64732275233
14.492,5.3478,5.6233,0.15729320037594,9744.12907187467
14.502,5.4871,5.7934,0.15912067556391,9861.06024750651
14.512,5.6272,5.9643,0.161362260526316,10004.6088929072
14.522,5.7677,6.1358,0.163740176315789,10157.0334691646
14.532,5.9073,6.3113,0.166264294360902,10318.9937029616
14.542,6.0474,6.4894,0.169402713533834,10520.606675811
14.552,6.1885,6.669,0.173013656766917,10752.8990842991
14.562,6.3281,6.8487,0.176717791729323,10991.547918944
14.572,6.4676,7.0278,0.181080408270677,11273.0917059581
14.582,6.6083,7.2097,0.185522804135338,11560.3084148799
14.592,6.7483,7.3942,0.189888064661654,11843.0548320471
14.602,6.8876,7.5792,0.195232333458647,12189.9130410513
14.612,7.0277,7.7673,0.200827760902256,12553.8999788021
14.614,7.0559,7.8052,0.206727241729323,12938.5861490536
14.616,7.0837,7.8431,0.212602512406015,13322.635917967
14.626,7.1847,8.0077,0.218158630451128,13686.6918154403
14.636,7.1927,8.0149,0.222985586090225,14003.6579400472
14.646,7.1221,7.93,0.228075838721804,14338.6083483384
14.656,6.9852,7.7896,0.232455468421053,14627.3705603375
14.666,6.7992,7.6016,0.236325355639098,14882.9657742591
14.676,6.5871,7.3773,0.239612834210526,15100.4209867112
14.686,6.3716,7.1189,0.242934587218045,15320.4486046352
14.696,6.1617,6.819,0.245289261278195,15476.6046615994
14.706,5.963,6.4851,0.247082537969925,15595.6340464867
14.716,5.7756,6.1393,0.249392622180451,15749.0991580271
14.726,5.5971,5.7972,0.250944866917293,15852.3028193021
14.736,5.4281,5.4737,0.252068455639098,15927.0486495416
14.746,5.2645,5.1673,0.25271355,15969.9790182242
14.756,5.106,4.8821,0.25220585037594,15936.1911507416
14.766,4.9524,4.6166,0.251510481954887,15889.9254804566
14.776,4.8011,4.369,0.250376628195489,15814.5146633193
14.786,4.652,4.1392,0.247785666541353,15642.3289747339
14.796,4.5057,3.9262,0.244367572556391,15415.4621673158
14.806,4.3601,3.7261,0.240194913533834,15138.954799859
14.816,4.2151,3.533,0.235099268796992,14801.9412402933
14.826,4.0723,3.3464,0.229281447744361,14418.0449066287
14.836,3.9302,3.1648,0.223248230075188,14020.9230557548
14.846,3.7875,2.9848,0.216964411278195,13608.3711225015
14.856,3.646,2.8109,0.20985464849624,13142.8985822128
14.866,3.5053,2.6426,0.203944162781955,12756.9926020869
14.876,3.3638,2.4739,0.198169104511278,12380.8465244448
14.886,3.2227,2.3044,0.192553115413534,12015.9277909587
14.896,3.0828,2.1359,0.187766156766917,11705.5506579934
14.906,2.9424,1.9705,0.18389029962406,11454.6996059728
14.916,2.8013,1.8091,0.180009127443609,11203.9088166242
14.926,2.6613,1.6505,0.176896147368421,11003.0482096235
14.936,2.5214,1.4888,0.17373237593985,10799.1758521896
14.946,2.3805,1.3236,0.171346827067669,10645.6285592126
14.956,2.2405,1.1641,0.169571786466165,10531.4754077741
14.966,2.1008,1.0074,0.167579434586466,10403.4468224389
14.976,1.9603,0.849,0.165069680075188,10242.3201051068
14.986,1.8198,0.6893,0.162998486842105,10109.4750372958
14.996,1.6803,0.5299,0.161161818421053,9991.76738547998
15.006,1.5402,0.3681,0.15967160037594,9896.32854591072
15.016,1.3995,0.2082,0.157906810526316,9783.3811337786
15.026,1.2599,0.0551,0.156421193984962,9688.36475566637
15.036,1.1203,-0.0909,0.155123461278195,9605.41264808705
15.046,0.9797,-0.223,0.153797686842105,9520.71396758633
15.056,0.8397,-0.3385,0.153055065789474,9473.29098227542
15.066,0.7005,-0.4344,0.152072614285714,9410.57500575422
15.076,0.5602,-0.5016,0.15140142518797,9367.74345320015
15.086,0.4197,-0.5396,0.150708914661654,9323.56371330133
15.096,0.2801,-0.5582,0.150198584586466,9291.01452128173
15.106,0.1404,-0.5678,0.149636438345865,9255.16838751157
15.116,-0.0004,-0.5705,0.148861855639098,9205.78952047401
15.118,-0.0283,-0.5704,0.148810403759398,9202.51007349114
15.12,-0.0561,-0.5698,0.148760107518797,9199.30435202901
15.13,-0.1563,-0.5377,0.148865263157895,9206.00671183171
15.14,-0.1641,-0.3647,0.148322306015038,9171.40309210515
15.15,-0.0943,-0.1724,0.148247989473684,9166.66736997563
15.16,0.0391,-0.0437,0.14789889962406,9144.42402772281
15.17,0.2192,-0.0127,0.147843291729323,9140.88109380221
15.18,0.4268,-0.0734,0.148010286090226,9151.52101410522
15.19,0.6422,-0.1918,0.147779815037594,9136.83691615525
15.2,0.8527,-0.2853,0.147750881203008,9134.99354128209
15.21,1.0545,-0.2894,0.147542209398496,9121.69970963563
15.22,1.2436,-0.1817,0.147368933834586,9110.66173124749
15.23,1.424,0.036,0.146770378947368,9072.53872621433
15.24,1.595,0.3258,0.146521636090226,9056.6986254489
15.25,1.7589,0.6516,0.145976548496241,9021.99278318387
15.26,1.9185,0.9777,0.145048070676692,8962.89434714807
15.27,2.0732,1.2864,0.14463479887218,8936.59649980093
15.28,2.2243,1.5685,0.143970668421053,8894.34506613082
15.29,2.3735,1.8195,0.143781641353383,8882.32143211044
15.3,2.5208,2.0459,0.143949110902256,8892.97378815163
15.31,2.6662,2.2581,0.143896638721804,8889.63607339252
15.32,2.8111,2.4615,0.143834034586466,8885.65396719618
15.33,2.9549,2.6556,0.143949071804511,8892.97130114754
15.34,3.0972,2.8436,0.144419888345865,8922.92280375942
15.35,3.2397,3.0254,0.144423183458647,8923.1324463848
15.36,3.3821,3.2034,0.145210303759398,8973.21899680916
15.37,3.5229,3.3772,0.145980933458647,9022.27194356672
15.38,3.6637,3.5493,0.146902234962406,9080.93605824576
15.39,3.8054,3.7248,0.147734145112782,9133.92729485238
15.4,3.9462,3.901,0.148552654511278,9186.08266352193
15.41,4.0863,4.0723,0.149318172180451,9234.87733151764
15.42,4.2275,4.2409,0.150210039849624,9291.74507043805
15.43,4.3679,4.4103,0.151473737969925,9372.35748248806
15.44,4.5075,4.5829,0.152436970300752,9433.83114568039
15.45,4.6475,4.7597,0.153592383834586,9507.60208379534
15.46,4.7879,4.9324,0.15572490075188,9643.85161214625
15.47,4.9272,5.0988,0.157125201127819,9733.38405306768
15.48,5.0669,5.2641,0.159704813157895,9898.45496977359
15.49,5.2078,5.4343,0.162315401127819,10065.6872814111
15.5,5.3477,5.6095,0.164839247368421,10227.5346654425
15.51,5.4872,5.7845,0.167287805263158,10384.7155710211
15.52,5.6276,5.9568,0.170355345864662,10581.8558960935
15.53,5.7678,6.1267,0.173792059022556,10803.0193361721
15.54,5.9074,6.299,0.177933913909774,11069.9798011714
15.55,6.0475,6.4738,0.182467331954887,11362.7043879868
15.56,6.1885,6.6535,0.187400458646616,11681.8648863053
15.57,6.3282,6.8342,0.192386732706767,12005.1294900692
15.58,6.4678,7.0129,0.197964909398496,12367.563272452
15.59,6.6084,7.1941,0.203091339849624,12701.3888050512
15.6,6.7482,7.3804,0.208978813909774,13085.6537130228
15.61,6.8872,7.5685,0.214304206766917,13434.0469615687
15.62,7.0274,7.7561,0.220026855639098,13809.294466351
15.622,7.0555,7.7938,0.224492211278195,14102.7229695891
15.624,7.0833,7.8314,0.229596195112782,14438.7899538544
15.634,7.1845,7.9937,0.234174418796992,14740.8511793175
15.644,7.1927,8.0013,0.237769135338346,14978.4297797943
15.654,7.1225,7.9188,0.241547860526316,15228.5566890055
15.664,6.9856,7.7808,0.244238018045113,15406.8697490649
15.674,6.7995,7.5891,0.246433154511278,15552.5206137672
15.684,6.5874,7.3627,0.248330177819549,15678.4995872627
15.694,6.3716,7.1073,0.249942765413534,15785.6686605984
15.704,6.1616,6.8098,0.252259564285714,15939.7655180214
15.714,5.9627,6.4779,0.253540254887218,16025.0124410058
15.724,5.7754,6.1327,0.254327147744361,16077.4134034636
15.734,5.5969,5.7888,0.25446039924812,16086.2886408831
15.744,5.4278,5.4646,0.253456201503759,16019.4161644979
15.754,5.2643,5.1565,0.251818409774436,15910.4114905475
15.764,5.1058,4.8705,0.249132101127819,15731.7845768956
15.774,4.9523,4.6053,0.245645045488722,15500.2128262827
15.784,4.801,4.3581,0.240958737969925,15189.5344904283
15.794,4.6517,4.1285,0.236167456390977,14872.5288449409
15.804,4.5055,3.9158,0.230011528571428,14466.1688355743
15.814,4.36,3.7166,0.22421679849624,14084.6091019568
15.824,4.2151,3.5242,0.217547887969925,13646.6324935711
15.834,4.0722,3.3396,0.210939167669173,13213.8121682519
15.844,3.9302,3.1574,0.204565739097744,12797.5316499859
15.854,3.7873,2.9763,0.198723308270677,12416.9041504938
15.864,3.6459,2.8036,0.193730569924812,12092.3664024666
15.874,3.5052,2.6359,0.189020969924812,11786.8505813374
15.884,3.3636,2.4678,0.185370198496241,11550.4331260325
15.894,3.2226,2.3003,0.182703104135338,11377.9433623145
15.904,3.0827,2.1326,0.179418985714286,11165.810833751
15.914,2.9423,1.9649,0.177052598496241,11013.1368076523
15.924,2.8013,1.8031,0.174575980451128,10853.5113024606
15.934,2.6613,1.6449,0.171987732706767,10686.8659306363
15.944,2.5214,1.4824,0.169762694736842,10543.7487233928
15.954,2.3806,1.3175,0.167865484210526,10421.8218881537
15.964,2.2405,1.1562,0.165681432330827,10281.5792967514
15.974,2.1008,0.9977,0.164024756015038,10175.285091816
15.984,1.9607,0.8401,0.162001680827068,10045.5810527087
15.994,1.8203,0.6803,0.160049326315789,9920.51389197063
16.004,1.6805,0.5206,0.158655503383459,9831.2877855111
16.014,1.5403,0.3603,0.157426769172932,9752.67249470455
16.024,1.3995,0.202,0.156505214661654,9693.73695634451
16.034,1.2598,0.0468,0.155886061654135,9654.15328612395
16.044,1.1202,-0.1015,0.155086217293233,9603.03263889595
16.054,0.9797,-0.233,0.154348442105263,9555.89399657465
16.064,0.8397,-0.345,0.15357305037594,9506.36739017716
16.074,0.7004,-0.4375,0.152953451879699,9466.80315700795
16.084,0.5602,-0.5047,0.152431362030075,9433.47315411571
16.094,0.4197,-0.5439,0.151567783082707,9378.35838276868
16.104,0.2801,-0.5612,0.151003046240601,9342.32673358537
16.114,0.1402,-0.5696,0.15053267481203,9312.32224394018
16.124,-0.0004,-0.5733,0.150354661278195,9300.96846944834
16.126,-0.0283,-0.5734,0.150398286090226,9303.75080032956
16.128,-0.0561,-0.5731,0.15043374962406,9306.01265292943
16.138,-0.1564,-0.5421,0.150507779699248,9310.73437354111
16.148,-0.1643,-0.3707,0.150427014661654,9305.58309668325
16.158,-0.0948,-0.1799,0.150041228571428,9280.97963153819
16.168,0.0379,-0.0513,0.14963805075188,9255.27119321945
16.178,0.2186,-0.0146,0.149957461278195,9275.63789890278
16.188,0.427,-0.0708,0.149622262406015,9254.26454395496
16.198,0.6429,-0.1891,0.149305696616541,9234.08200630562
16.208,0.8535,-0.2886,0.148677928571429,9194.06667186996
16.218,1.0553,-0.2974,0.147887956390977,9143.72679743259
16.228,1.2443,-0.1924,0.147295187218045,9105.9641726036
16.238,1.4245,0.0248,0.146463995864662,9053.02829153037
16.248,1.5955,0.3139,0.145295682706767,8978.6528618767
16.258,1.7593,0.6397,0.14482719924812,8948.8390130435
16.268,1.919,0.9664,0.14419842406015,8908.8333906379
16.278,2.0734,1.2743,0.143865834962406,8887.67670371555
16.288,2.2246,1.5555,0.144060094736842,8900.03362154674
16.298,2.3743,1.8081,0.144684042857143,8939.72982196712
16.308,2.521,2.034,0.144836352255639,8949.42144676799
16.318,2.666,2.2434,0.145445422932331,8988.18340323522
16.328,2.8113,2.4451,0.145622965413534,8999.48424129395
16.338,2.9549,2.6409,0.146230622932331,9038.16878629741
16.348,3.0971,2.8309,0.146692662030075,9067.58948989833
16.358,3.2396,3.0153,0.147406018421053,9113.02402265412
16.368,3.3821,3.1945,0.14879527518797,9201.54581975935
16.378,3.5228,3.3669,0.149646590601504,9255.81568828786
16.388,3.6637,3.5397,0.150643909398496,9319.41725358906
16.398,3.8053,3.7126,0.151527431954887,9375.7835995749
16.408,3.9461,3.8885,0.152803856766917,9457.25233216972
16.418,4.0863,4.0618,0.154063447368421,9537.68868175278
16.428,4.2275,4.2317,0.155280705639098,9615.46146666368
16.438,4.3679,4.3988,0.156979534586466,9724.06800926425
16.448,4.5075,4.5671,0.159156398496241,9863.34686252621
16.458,4.6475,4.7436,0.16104762556391,9984.45199097527
16.468,4.7877,4.9193,0.163699130827068,10154.4011790397
16.478,4.9272,5.0866,0.166351622556391,10324.6001508515
16.488,5.0671,5.252,0.168943737593985,10491.1055730396
16.498,5.2078,5.4227,0.171574671052632,10660.287321252
16.508,5.3477,5.5986,0.174836078947368,10870.2677344002
16.518,5.4871,5.7736,0.178714412030075,11120.3376424747
16.528,5.6276,5.9446,0.18317642368421,11408.54055263
16.538,5.7678,6.1138,0.187745845488722,11704.2350296099
16.548,5.9074,6.2872,0.192909009398496,12039.0279553055
16.558,6.0475,6.464,0.198633581203007,12411.0657598661
16.568,6.1884,6.6436,0.204083548120301,12766.0823641108
16.578,6.3282,6.8245,0.209390993984962,13112.5913462393
16.588,6.4678,7.0032,0.214487948496241,13446.0813924087
16.598,6.6083,7.1847,0.219917717669173,13802.1296295723
16.608,6.7483,7.3685,0.224541202255639,14105.9453195386
16.618,6.8872,7.5559,0.229546932706767,14435.5428804383
16.628,7.0274,7.7456,0.233865703759398,14720.4645876554
16.63,7.0555,7.7836,0.23773162406015,14975.9487681057
16.632,7.0833,7.8212,0.240698715037594,15172.3142091116
16.642,7.1845,7.983,0.243363681954887,15348.8935678125
16.652,7.1927,7.9872,0.245123672556391,15465.6181786443
16.662,7.1223,7.9025,0.246764795112782,15574.5372031492
16.672,6.9853,7.7653,0.248364503759398,15680.7800570498
16.682,6.7992,7.5758,0.249994829699248,15789.1299526787
16.692,6.5868,7.35,0.25176607556391,15906.9295808005
16.702,6.3712,7.0951,0.252057969924812,15926.3509323525
16.712,6.1613,6.7982,0.25240544887218,15949.473748483
16.722,5.9627,6.4651,0.251631312406015,15897.9638457803
16.732,5.7754,6.1182,0.250100669172932,15796.1665134522
16.742,5.597,5.7742,0.247142896992481,15599.6419607962
16.752,5.4278,5.4533,0.243401827819549,15351.4225298522
16.762,5.2643,5.1466,0.238649990977444,15036.7011787757
16.772,5.1058,4.8605,0.233704630451128,14709.8288501525
16.782,4.9523,4.5965,0.228030346992481,14335.6117226416
16.792,4.801,4.3505,0.222301953759398,13958.7277141334
16.802,4.6519,4.1238,0.21550899887218,13512.973406453
16.812,4.5056,3.9117,0.209280772180451,13105.3874519611
16.822,4.36,3.7107,0.202640895112782,12672.0279230095
16.832,4.2151,3.5166,0.196721729699248,12286.7166107533
16.842,4.0723,3.3276,0.191458908646616,11944.9270584935
16.852,3.9302,3.1423,0.187388853759398,11681.1133124133
16.862,3.7875,2.9625,0.183543122556391,11432.2495078878
16.872,3.646,2.7921,0.180312722932331,11223.5117695458
16.882,3.5053,2.6251,0.177546419172932,11044.984645087
16.892,3.3638,2.4563,0.174856291353383,10871.5699621573
16.902,3.2227,2.2896,0.172684919172932,10731.7369768629
16.912,3.0828,2.1246,0.169844315789474,10548.9963612157
16.922,2.9424,1.9591,0.167628180075188,10406.5779489913
16.932,2.8013,1.795,0.16537584924812,10261.9672651741
16.942,2.6613,1.6352,0.163396146992481,10134.9718909195
16.952,2.5214,1.4731,0.161785911654135,10031.7539922741
16.962,2.3806,1.3079,0.159913577819549,9911.82164145168
16.972,2.2403,1.1463,0.158430579323308,9816.89400011731
16.982,2.1012,0.9909,0.156940006015038,9721.5400723895
16.992,1.9608,0.8359,0.155750845864662,9645.5100207864
17.002,1.8201,0.6754,0.154693653759398,9577.94880479061
17.012,1.6804,0.5146,0.153829345864662,9522.73600188197
17.022,1.5403,0.3524,0.153134916917293,9478.38949252717
17.032,1.3995,0.1946,0.152841891729323,9459.6805993514
17.042,1.2599,0.0416,0.152147508646616,9415.35508256407
17.052,1.1203,-0.1069,0.151318265037594,9362.43746087618
17.062,0.9797,-0.2404,0.150573062030075,9314.89827289417
17.072,0.8397,-0.3532,0.150335556015038,9299.74997764013
17.082,0.7004,-0.4443,0.149979266541353,9277.02837474677
17.092,0.5601,-0.51,0.149633231203007,9254.96390287121
17.102,0.4197,-0.547,0.148686261654135,9194.5977733136
17.112,0.2801,-0.5603,0.148489059398496,9182.02975628575
17.122,0.1404,-0.5659,0.147964546240601,9148.60666110491
17.132,-0.0002,-0.5685,0.147897416541353,9144.32953533703
17.134,-0.0282,-0.5687,0.147693962781955,9131.36733230237
17.136,-0.056,-0.5685,0.147017027067669,9088.24703616279
17.146,-0.1563,-0.5369,0.146527779699248,9057.08983475968
17.156,-0.1642,-0.3647,0.146434868796992,9051.17361188251
17.166,-0.0948,-0.1736,0.145879211654135,9015.79614609342
17.176,0.0379,-0.0484,0.145716993984962,9005.46963193544
17.186,0.2188,-0.0137,0.145192038721804,8972.05656000311
17.196,0.427,-0.0704,0.144568821052632,8932.39852803186
17.206,0.643,-0.188,0.14394682368421,8892.82829847967
17.216,0.8535,-0.2892,0.143490443609023,8863.80075708044
17.226,1.0554,-0.3014,0.143092506766917,8838.4948838092
17.236,1.2443,-0.1998,0.143068782706767,8836.98633804201
17.246,1.4245,0.0141,0.143181876691729,8844.17779644173
17.256,1.5955,0.302,0.143358279323308,8855.39561501772
17.266,1.7593,0.6267,0.143192709774436,8844.86667172988
17.276,1.919,0.9528,0.143054430075188,8836.07370202025
17.286,2.0734,1.2615,0.143407604135338,8858.53243052362
17.296,2.2245,1.5423,0.143977183834586,8894.75951525361
17.306,2.3743,1.7972,0.144344020676692,8918.09600750222
17.316,2.5214,2.0266,0.144521795488722,8929.4065013686
17.326,2.666,2.2366,0.145017096616541,8960.92321038731
17.336,2.8111,2.4364,0.145840928195489,9013.35902088225
17.346,2.9549,2.6297,0.147029363157895,9089.03272822409
17.356,3.0971,2.8185,0.147895026691729,9144.1772697814
17.366,3.2396,3.0026,0.149115110526316,9221.93252925207
17.376,3.3819,3.1814,0.150107996240601,9285.23745214811
17.386,3.5229,3.355,0.151410069924812,9368.29503680861
17.396,3.6637,3.5287,0.152926803007519,9465.10172999288
17.406,3.8054,3.7029,0.154779253383459,9583.41806149135
17.416,3.9461,3.8759,0.156749791729323,9709.37603811875
17.426,4.0863,4.0476,0.158943654887218,9849.72970089538
17.436,4.2273,4.2181,0.16131199887218,10001.3887339656
17.446,4.3679,4.3875,0.164223026315789,10188.0024994623
17.456,4.5074,4.5581,0.166900126691729,10359.8186091788
17.466,4.6475,4.7327,0.169533912406015,10529.0406349043
17.476,4.7877,4.9066,0.172819930451128,10740.4278250145
17.486,4.9272,5.0775,0.176262222556391,10962.1768857719
17.496,5.0668,5.2441,0.179758629323308,11187.7361837218
17.506,5.2077,5.413,0.184000209398496,11461.8075622164
17.516,5.3477,5.5856,0.18866859924812,11764.0160404646
17.526,5.4871,5.7591,0.193879633082707,12102.0460338822
17.536,5.6272,5.9305,0.199374639097744,12459.291703213
17.546,5.7677,6.1019,0.204410069548872,12787.3779355636
17.556,5.9073,6.2769,0.209844273308271,13142.2203336089
17.566,6.0476,6.4544,0.215390041353383,13505.1786800805
17.576,6.1885,6.6333,0.220555345488722,13843.9941101028
17.586,6.3284,6.8133,0.22570575075188,14182.5622156044
17.596,6.4679,6.9931,0.230548558646616,14501.5770564924
17.606,6.6084,7.1746,0.234781060902256,14780.9196536126
17.616,6.7482,7.3587,0.238478522180451,15025.3562831554
17.626,6.8872,7.5472,0.24177632406015,15243.6922174993
17.636,7.0274,7.7357,0.244528712030075,15426.150042079
17.638,7.0555,7.7737,0.246620284210526,15564.9431955532
17.64,7.0833,7.8117,0.248531657518797,15691.885514427
17.65,7.1847,7.9757,0.250595209774436,15829.049376261
17.66,7.1931,7.9813,0.251931551503759,15917.9393201597
17.67,7.1229,7.8968,0.252987432330827,15988.2091351854
17.68,6.9857,7.7581,0.253691667669173,16035.094008184
