Tempo,Spostamento,Forza,Voltaggio,Delta_R_su_R0
5.05,-0.1563,-0.5436,0.240739528163265,-0.00942702927273994
5.06,-0.164,-0.3722,0.238554318223289,-0.0188690164395324
5.07,-0.0944,-0.1786,0.235949690852341,-0.0301119326399913
5.08,0.0378,-0.0508,0.23317616605042,-0.0420703900077809
5.09,0.2178,-0.018,0.229930179063625,-0.0560482756553361
5.1,0.4256,-0.0762,0.226453013733493,-0.0710005738624139
5.11,0.6415,-0.1761,0.222648649027611,-0.0873349407644396
5.12,0.8522,-0.2272,0.21856512182473,-0.104838991847295
5.13,1.0542,-0.1745,0.214394454645858,-0.122685733510439
5.14,1.2435,-0.0019,0.210334373973589,-0.140029408049481
5.15,1.4239,0.2649,0.205970237887155,-0.158639173951414
5.16,1.5949,0.581,0.201686030396158,-0.176875176969391
5.17,1.7589,0.914,0.197370781320528,-0.195210420998797
5.18,1.9186,1.2386,0.193347161488595,-0.212276889833192
5.19,2.0732,1.5415,0.189247519423769,-0.229636450056227
5.2,2.2244,1.8147,0.185383151644658,-0.245972695713076
5.21,2.3741,2.0593,0.181697645138055,-0.261528409678102
5.22,2.5212,2.2807,0.177965075534214,-0.277258530608373
5.23,2.6663,2.4887,0.174565164609844,-0.291565553737409
5.24,2.8111,2.6902,0.171334952941176,-0.305139808411398
5.25,2.9548,2.8833,0.16851135817527,-0.316990477511389
5.26,3.0971,3.0684,0.165608281440576,-0.329160300518491
5.27,3.2397,3.2501,0.163216051620648,-0.339177652196893
5.28,3.3821,3.4282,0.161235051572629,-0.347465500978655
5.29,3.523,3.602,0.159553414357743,-0.354495591201023
5.3,3.6639,3.775,0.158186230444178,-0.360207509324484
5.31,3.8055,3.9495,0.157332504969988,-0.363772628527529
5.32,3.9462,4.1251,0.156483634861945,-0.367316225854469
5.33,4.0864,4.2959,0.15599562967587,-0.369352834985095
5.34,4.2275,4.4627,0.155414238943577,-0.371778637694717
5.35,4.3681,4.6302,0.154964299351741,-0.373655572237443
5.36,4.5075,4.8032,0.154252400144058,-0.376624566003332
5.37,4.6475,4.9813,0.153839588139256,-0.378345809412839
5.38,4.7879,5.1546,0.153312483313325,-0.380543177099491
5.39,4.9272,5.3213,0.152787756782713,-0.382730155598891
5.4,5.0669,5.4888,0.152196046866747,-0.38519574247271
5.41,5.2078,5.6601,0.151951796686675,-0.386213329265631
5.42,5.3478,5.8335,0.151400450948379,-0.388509950219195
5.43,5.4872,6.0061,0.151131272316927,-0.389631019324196
5.44,5.6276,6.1776,0.150648360720288,-0.391641926749642
5.45,5.768,6.3452,0.150362263913565,-0.39283308258294
5.46,5.9074,6.5173,0.149979925810324,-0.394424716897665
5.47,6.0475,6.6939,0.149500101176471,-0.396421822598972
5.48,6.1882,6.8757,0.149119036686675,-0.398007591547965
5.49,6.3281,7.056,0.148918697719088,-0.398841185984564
5.5,6.4677,7.2323,0.148513335270108,-0.400527656165639
5.51,6.6083,7.4112,0.148343090612245,-0.401235858112509
5.52,6.7482,7.5956,0.148098017382953,-0.402255252692133
5.53,6.8874,7.7845,0.148005077070828,-0.402641815722437
5.54,7.0275,7.9716,0.147701173109244,-0.403905728288562
5.542,7.0556,8.0093,0.147648820888355,-0.404123441053629
5.544,7.0835,8.0468,0.147425320480192,-0.405052840512412
5.554,7.1843,8.2067,0.147434648403361,-0.405014053182287
5.564,7.1919,8.2085,0.147444159087635,-0.40497450574219
5.574,7.1216,8.121,0.147592182617047,-0.404358972564628
5.584,6.9853,7.9812,0.147606277695078,-0.404300358383032
5.594,6.8001,7.7899,0.147892043601441,-0.403111931483865
5.604,6.5883,7.5591,0.148078500552221,-0.402336429516559
5.614,6.3728,7.2969,0.148385945162065,-0.401057591850905
5.624,6.1626,6.9945,0.148623676734694,-0.400068619385333
5.634,5.9638,6.6598,0.149208228043217,-0.397636451288967
5.644,5.7762,6.3113,0.149705468619448,-0.395567099322549
5.654,5.5975,5.9634,0.15041717090036,-0.392604489819286
5.664,5.4283,5.6353,0.151110505834334,-0.389717501931802
5.674,5.2646,5.3239,0.152320130852341,-0.384678748713203
5.684,5.106,5.0371,0.153421984729892,-0.380086732517525
5.694,4.9524,4.7716,0.154729171188475,-0.374636276718246
5.704,4.801,4.5248,0.156538020456182,-0.367089231132761
5.714,4.6517,4.2981,0.158606547659064,-0.358451821630922
5.724,4.5055,4.0861,0.160717860504202,-0.349628140295188
5.734,4.36,3.8837,0.16307342060024,-0.339774599991972
5.744,4.2149,3.687,0.165869796446579,-0.328064617375233
5.754,4.0723,3.5,0.168950068955582,-0.315150110820854
5.764,3.9302,3.3176,0.172063090180072,-0.302081557436568
5.774,3.7873,3.1386,0.175546319039616,-0.287438868734908
5.784,3.6459,2.9667,0.179055601584634,-0.272665259101291
5.794,3.5052,2.7971,0.182731514285714,-0.257167076941059
5.804,3.3636,2.6272,0.18666572244898,-0.240553658397124
5.814,3.2226,2.4589,0.190708497719088,-0.223453464998013
5.824,3.0828,2.291,0.194956066314526,-0.205456035384535
5.834,2.9423,2.126,0.199461604609844,-0.186330750110972
5.844,2.8013,1.9656,0.204187488259304,-0.166231519732904
5.854,2.6613,1.8063,0.208765013493397,-0.146725456567535
5.864,2.5214,1.641,0.213609321920768,-0.126041923854255
5.874,2.3807,1.4739,0.218151631740696,-0.106609751428283
5.884,2.2405,1.3143,0.222440193805522,-0.0882292094247932
5.894,2.1009,1.1574,0.226367689843938,-0.071367204729348
5.904,1.9605,1.0007,0.23032155755102,-0.0543639282952865
5.914,1.8203,0.8416,0.233819936422569,-0.0392959203182008
5.924,1.6805,0.6797,0.237028385930372,-0.025457219604842
5.934,1.5404,0.5169,0.239526995390156,-0.0146672846447434
5.944,1.3997,0.3565,0.241975683697479,-0.00408193298515671
5.954,1.2599,0.2008,0.243955867803121,0.00448610896314858
5.964,1.1203,0.0457,0.24555602362545,0.0114150236308342
5.974,0.9799,-0.1038,0.246520875438175,0.0155952311177749
5.984,0.8398,-0.2379,0.247226923457383,0.0186552500658819
5.994,0.7005,-0.3508,0.247321592316927,0.0190656149447006
6.004,0.5604,-0.444,0.247112465594238,0.018159126834741
6.014,0.4198,-0.5095,0.246272403937575,0.0145185694600763
6.024,0.2801,-0.5476,0.245211426602641,0.00992247282496315
6.034,0.1402,-0.5681,0.243583518847539,0.00287445078690288
6.044,-0.0004,-0.5748,0.241956614261705,-0.00416440969642624
6.046,-0.0285,-0.575,0.23960983457383,-0.0143093599185172
6.048,-0.0562,-0.5745,0.236835405762305,-0.0262901095992164
6.058,-0.1563,-0.5409,0.233695832172869,-0.0398308331308071
6.068,-0.1637,-0.3673,0.230437353037215,-0.0538655346241414
6.078,-0.0939,-0.1763,0.22660498487395,-0.0703475318939387
6.088,0.0403,-0.0454,0.2227716957503,-0.086807036198438
6.098,0.2195,-0.0135,0.218574735702281,-0.104797817045607
6.108,0.4259,-0.0716,0.214386447587035,-0.122719966674503
6.118,0.6408,-0.1761,0.209997142184874,-0.141468657541315
6.128,0.8511,-0.2375,0.205588722929172,-0.160264438658845
6.138,1.0529,-0.197,0.20120554967587,-0.178918343204888
6.148,1.2422,-0.0372,0.197015125666266,-0.196720111723416
6.158,1.4228,0.2227,0.192616446530612,-0.215373203964786
6.168,1.5942,0.5353,0.18853203879952,-0.232663055531899
6.178,1.7581,0.8661,0.184613740840336,-0.249222176451656
6.188,1.9182,1.1892,0.180761358079232,-0.265476481876949
6.198,2.0728,1.4902,0.17705691270108,-0.281082107098382
6.208,2.2242,1.7657,0.173791973829532,-0.294816372225591
6.218,2.374,2.0127,0.170530756830732,-0.30851644273014
6.228,2.5207,2.2366,0.167659488163265,-0.320563069211391
6.238,2.6659,2.4458,0.164878952653061,-0.33221538141503
6.248,2.8111,2.6475,0.162437915054022,-0.342433927617176
6.258,2.9548,2.841,0.160158094021609,-0.351968288262798
6.268,3.0971,3.0271,0.158427360144058,-0.35920033483
6.278,3.2397,3.2098,0.157139803409364,-0.364577167702889
6.288,3.3822,3.3884,0.156005266458583,-0.369312621434044
6.298,3.523,3.5621,0.155047191548619,-0.373309811509378
6.308,3.664,3.7346,0.154449762208884,-0.375801549891794
6.318,3.8055,3.9074,0.153774172965186,-0.378618534830182
6.328,3.9462,4.0835,0.15314735030012,-0.381231476855483
6.338,4.0864,4.2561,0.152538559327731,-0.383768605979769
6.348,4.2275,4.4252,0.151869042881152,-0.386558072101324
6.358,4.3679,4.5921,0.151115794765906,-0.389695476096093
6.368,4.5075,4.7634,0.150499019831933,-0.392263720780834
6.378,4.6475,4.9408,0.149968835486194,-0.394470881034615
6.388,4.7877,5.1136,0.14939467452581,-0.396860571980509
6.398,4.927,5.2793,0.148700054693878,-0.399750863571406
6.408,5.0667,5.4446,0.148032191836735,-0.402529039859799
6.418,5.2077,5.6145,0.147695841920768,-0.403927898867226
6.428,5.3477,5.7886,0.147096916686675,-0.406418312723505
6.438,5.4871,5.9636,0.146661396926771,-0.408228878058175
6.448,5.6274,6.1372,0.146185897719088,-0.410205277004096
6.458,5.7678,6.3086,0.145924652533013,-0.411290970387051
6.468,5.9073,6.4811,0.145497789963986,-0.413064691780408
6.478,6.0476,6.6573,0.145252899543818,-0.414082132299284
6.488,6.1885,6.8362,0.144859566194478,-0.415716090377672
6.498,6.3284,7.017,0.144766266170468,-0.416103632010017
6.508,6.4678,7.1953,0.144617021608643,-0.41672352029486
6.518,6.6083,7.3764,0.144417751788715,-0.417551129416767
6.528,6.7481,7.5609,0.144165782665066,-0.418597512491547
6.538,6.887,7.7475,0.144198013061225,-0.418463671430473
6.548,7.0274,7.9344,0.144091085042017,-0.418907697601596
6.55,7.0555,7.9717,0.144262522304922,-0.418195782770471
6.552,7.0833,8.0087,0.144178629003601,-0.418544166553493
6.562,7.1847,8.1687,0.144373939159664,-0.417733083293352
6.572,7.1928,8.1713,0.144274981368547,-0.41814404297981
6.582,7.1225,8.0855,0.144438865354142,-0.417463443593517
6.592,6.9859,7.9452,0.144724543433373,-0.416276931515041
6.602,6.8001,7.753,0.145104311068427,-0.414699419339693
6.612,6.5879,7.5231,0.145626534741897,-0.412529757683342
6.622,6.3722,7.2635,0.14615781090036,-0.410322006956092
6.632,6.1621,6.9628,0.146684422905162,-0.408133161402391
6.642,5.9635,6.6265,0.147720562689076,-0.403825093286252
6.652,5.776,6.2762,0.148821079183673,-0.399247343962888
6.662,5.5974,5.9289,0.150154061944778,-0.393699837147866
6.672,5.4282,5.6041,0.151885796014406,-0.386488281425211
6.682,5.2646,5.2957,0.153621917166867,-0.379253282986303
6.692,5.1061,5.0099,0.155606815510204,-0.370975193062387
6.702,4.9527,4.7445,0.158122203505402,-0.360474926550623
6.712,4.8012,4.4958,0.160499529459784,-0.350540954857264
6.722,4.652,4.2674,0.16333195577431,-0.3386925373381
6.732,4.5057,4.0552,0.16648725877551,-0.32547713260511
6.742,4.36,3.8546,0.169747963553421,-0.31180213160537
6.752,4.2151,3.66,0.173208534309724,-0.297268707337507
6.762,4.0722,3.4712,0.176737914909964,-0.282424820193545
6.772,3.9301,3.2879,0.180421487779112,-0.266909244587804
6.782,3.7875,3.11,0.184383401584634,-0.250194774680215
6.792,3.6459,2.9388,0.18847935394958,-0.232885885881895
6.802,3.5052,2.7694,0.192643706746699,-0.215257709078142
6.812,3.3638,2.5998,0.19714457757503,-0.196170638829687
6.822,3.2227,2.4317,0.201755401680672,-0.176580153043307
6.832,3.0828,2.2656,0.206207491284514,-0.157628337187581
6.842,2.9425,2.1015,0.210681022136855,-0.1385497597758
6.852,2.8015,1.9407,0.215138793133253,-0.119502908377828
6.862,2.6613,1.78,0.219338162208883,-0.101527646631845
6.872,2.5214,1.6151,0.223235976038415,-0.084814900086374
6.882,2.3806,1.4463,0.226887191548619,-0.0691347386908291
6.892,2.2403,1.2833,0.230296926194478,-0.0544699406381662
6.902,2.101,1.1271,0.233191676830732,-0.0420035517066643
6.912,1.9608,0.9713,0.235850638511405,-0.030539251029599
6.922,1.8202,0.8115,0.238106497863145,-0.0208029157972341
6.932,1.6804,0.6525,0.23994242304922,-0.0128722135957207
6.942,1.5403,0.4917,0.241200071644658,-0.00743597881579449
6.952,1.3995,0.3327,0.242197614837935,-0.00312201587046702
6.962,1.2598,0.1771,0.242661638895558,-0.00111468666513448
6.972,1.1203,0.0225,0.242820203313325,-0.000428660504816885
6.982,0.9797,-0.1275,0.242429351452581,-0.00211959163196575
6.992,0.8397,-0.2594,0.241641715726291,-0.00552627341632728
7.002,0.7004,-0.3682,0.240459617911165,-0.0106369665639864
7.012,0.5603,-0.4559,0.238913395102041,-0.0173180904537065
7.022,0.4198,-0.5136,0.23681688845138,-0.0263700255736443
7.032,0.2801,-0.5457,0.234465164609844,-0.0365144157067579
7.042,0.1404,-0.5639,0.231555957503001,-0.049049719041235
7.052,-0.0002,-0.5725,0.228546478367347,-0.0620009931563661
7.054,-0.0283,-0.5728,0.225127706362545,-0.0766938493354878
7.056,-0.056,-0.5727,0.221709402208884,-0.0913636742529528
7.066,-0.1563,-0.542,0.217890625018007,-0.107727347675793
7.076,-0.1641,-0.3706,0.213930152460984,-0.124670609338733
7.086,-0.0943,-0.1778,0.209741143241297,-0.142561083383109
7.096,0.0387,-0.0475,0.205673835390156,-0.159901879540177
7.106,0.2185,-0.0134,0.201554072316927,-0.17743634802827
7.116,0.4258,-0.0696,0.197625005618247,-0.194131150078975
7.126,0.6415,-0.1769,0.193496822665066,-0.211642602977265
7.136,0.852,-0.2466,0.189667934501801,-0.227857602381556
7.146,1.054,-0.2165,0.185977664105642,-0.243461158158068
7.156,1.2432,-0.0676,0.182079183769508,-0.259919123217441
7.166,1.4236,0.1843,0.178567002977191,-0.274723482510507
7.176,1.5949,0.4935,0.175251466938775,-0.288679177890479
7.186,1.7587,0.8254,0.171949924561825,-0.302556925165083
7.196,1.9184,1.1516,0.168988434237695,-0.31498915475822
7.206,2.0731,1.4557,0.166268492340936,-0.326393952110508
7.216,2.2242,1.7318,0.163691727827131,-0.337186569440474
7.226,2.3741,1.9819,0.161578270444178,-0.346030072824638
7.236,2.5211,2.2065,0.159645962977191,-0.354108818394955
7.246,2.6658,2.4154,0.158095022521008,-0.360588449493748
7.256,2.811,2.616,0.156857283793517,-0.365756586255424
7.266,2.9549,2.8079,0.155992803793517,-0.369364627143876
7.276,3.0971,2.9924,0.155278239855942,-0.37234599813835
7.286,3.2396,3.1736,0.154787077695078,-0.374394761229218
7.296,3.3822,3.353,0.154238591980792,-0.376682144675348
7.306,3.5229,3.5295,0.153537099111645,-0.379606868670134
7.316,3.6637,3.7041,0.152959658247299,-0.382013749205439
7.326,3.8054,3.8772,0.152587033613445,-0.383566613322785
7.336,3.9461,4.0507,0.152004648643457,-0.385993147933926
7.346,4.0863,4.2232,0.151515196638655,-0.388032022109835
7.356,4.2275,4.392,0.151014334885954,-0.390117998924018
7.366,4.3681,4.5586,0.150573732052821,-0.391952654611323
7.376,4.5075,4.7281,0.150094206482593,-0.393949004472968
7.386,4.6475,4.9043,0.149744599855942,-0.395404229959247
7.396,4.7879,5.0794,0.149299078127251,-0.397258394753819
7.406,4.9273,5.2487,0.148937748043217,-0.3987619220703
7.416,5.0671,5.416,0.148480605186074,-0.40066381413112
7.426,5.2078,5.5863,0.148091359711885,-0.402282944177251
7.436,5.3477,5.7594,0.147618205762305,-0.404250755419038
7.446,5.4872,5.9299,0.147406513565426,-0.405131042891337
7.456,5.6276,6.0994,0.147109781176471,-0.406364826857905
7.466,5.768,6.2704,0.146760364657863,-0.407817472804613
7.476,5.9074,6.4465,0.146487645330132,-0.408951116532114
7.486,6.0475,6.6247,0.146380491764706,-0.409396499193718
7.496,6.1884,6.8017,0.146096963601441,-0.41057488615234
7.506,6.3281,6.9797,0.145925513901561,-0.411287390868588
7.516,6.4678,7.1593,0.145782951548619,-0.411879808225275
7.526,6.6084,7.3407,0.145738107226891,-0.412066151452276
7.536,6.7483,7.5252,0.145619111980792,-0.41256060000029
7.546,6.8875,7.7125,0.145599091188475,-0.41264378793031
7.556,7.0275,7.9011,0.145521970948379,-0.41296422203987
7.558,7.0557,7.9388,0.145862640480192,-0.411548665439346
7.56,7.0836,7.9764,0.146125548523409,-0.410456089029468
7.57,7.1845,8.1376,0.146610931572629,-0.408438654238212
7.58,7.1923,8.1419,0.146822930516206,-0.407557380153586
7.59,7.1218,8.0571,0.14733102180072,-0.40544494450366
7.6,6.9852,7.9182,0.147907398367347,-0.403048070999118
7.61,6.7996,7.7253,0.148845992557023,-0.399143689327444
7.62,6.5876,7.4932,0.149788461512605,-0.395221668840011
7.63,6.372,7.2327,0.15101477454982,-0.390116168011645
7.64,6.1623,6.9341,0.15238139697479,-0.384423474723606
7.65,5.9635,6.6016,0.154096382521008,-0.377275124933379
7.66,5.776,6.2513,0.155991763217287,-0.369368969373597
7.67,5.5975,5.9024,0.15840457454982,-0.359295512256572
7.68,5.4283,5.5754,0.160991305114046,-0.34848478668247
7.69,5.2647,5.2677,0.163732806770708,-0.337014603059722
7.7,5.106,4.9828,0.166694645858343,-0.324607925738638
7.71,4.9525,4.7196,0.16996238607443,-0.310902222513398
7.72,4.8012,4.472,0.173300067755102,-0.296884009699116
7.73,4.652,4.2427,0.17695974727491,-0.281491110842012
7.74,4.5056,4.0295,0.180760359951981,-0.265480689894135
7.75,4.3601,3.8297,0.184727030492197,-0.24874378132333
7.76,4.2151,3.637,0.188613562016807,-0.232318243811323
7.77,4.0722,3.4511,0.192844193133253,-0.214408256915799
7.78,3.9304,3.2671,0.197342992172869,-0.195328388707172
7.79,3.7876,3.0858,0.202017382665066,-0.175465916845035
7.8,3.646,2.9132,0.207040253109244,-0.154079497829241
7.81,3.5054,2.746,0.211703542857143,-0.134183939330286
7.82,3.3638,2.578,0.216413551020408,-0.114049685062729
7.83,3.2226,2.4104,0.220938031884754,-0.0946711468411004
7.84,3.0828,2.2439,0.225223278079232,-0.0762833966463432
7.85,2.9423,2.0774,0.229401858343337,-0.0583215330891635
7.86,2.8012,1.914,0.233048892965186,-0.0426188125773165
7.87,2.6613,1.7546,0.236446251764706,-0.0279694679729421
7.88,2.5214,1.5918,0.239375521968788,-0.0153217263233657
7.89,2.3805,1.4243,0.241999571572629,-0.00397861523665617
7.9,2.2405,1.2613,0.244202101320528,0.00555203347517058
7.91,2.101,1.1061,0.245996900888355,0.0133249079100167
7.92,1.9604,0.9509,0.24744850665066,0.0196157812155277
7.93,1.8198,0.7919,0.248289447202881,0.0232619522237312
7.94,1.6803,0.6308,0.248655811716687,0.0248508482470266
7.95,1.5403,0.4666,0.248555586218487,0.0244161532660692
7.96,1.3995,0.3066,0.24799579697479,0.021988589608218
7.97,1.26,0.1535,0.246847275534214,0.0170097393029344
7.98,1.1203,-0.0001,0.245289283409364,0.0102596745788617
7.99,0.9799,-0.1462,0.243508002593037,0.00254762046425864
8,0.8398,-0.2728,0.24123203639856,-0.00729777248521909
8.01,0.7005,-0.3792,0.238525544105642,-0.0189932875756509
8.02,0.5602,-0.4659,0.235522572629052,-0.0319544221987606
8.03,0.4198,-0.5212,0.232077080192077,-0.0468054102388756
8.04,0.2801,-0.5493,0.228508984729892,-0.0621622437471437
8.05,0.1402,-0.5656,0.224472010180072,-0.0795094304699847
8.06,-0.0001,-0.5722,0.220297195198079,-0.0974181069819825
8.062,-0.0282,-0.5727,0.215934889987995,-0.116097666007697
8.064,-0.056,-0.5727,0.211627564705882,-0.134508404673481
8.074,-0.1563,-0.5426,0.207292170708283,-0.153005700500507
8.084,-0.1642,-0.3698,0.202963641728691,-0.171440351145855
8.094,-0.0944,-0.1764,0.198583678079232,-0.190060222603765
8.104,0.0387,-0.0469,0.194423947611044,-0.207712425837769
8.114,0.2188,-0.0141,0.190137800336134,-0.225869152165425
8.124,0.4262,-0.0734,0.18616109637455,-0.242686117240081
8.134,0.6417,-0.1843,0.182299559519808,-0.2589894872881
8.144,0.8521,-0.2586,0.178731774069628,-0.274029430305068
8.154,1.054,-0.2342,0.175109445714286,-0.289276542721402
8.164,1.2432,-0.0897,0.171747432076831,-0.3034074670612
8.174,1.4235,0.1582,0.168748075054022,-0.315997505229866
8.184,1.5948,0.4632,0.165799624057623,-0.328358633952449
8.194,1.7588,0.7923,0.163201237310924,-0.339239655561896
8.204,1.9185,1.1183,0.161128895942377,-0.347909429450966
8.214,2.0732,1.4256,0.15914805454982,-0.356189468704552
8.224,2.2243,1.7025,0.157534849987995,-0.362927758490593
8.234,2.3741,1.9491,0.156200040048019,-0.368499811967262
8.244,2.5213,2.1728,0.155446053205282,-0.37164591048898
8.254,2.666,2.3818,0.154727435822329,-0.374643514465246
8.264,2.8108,2.5824,0.154116762064826,-0.377190149128321
8.274,2.9548,2.7768,0.153520263529412,-0.379677050614085
8.284,3.097,2.9642,0.152878767490996,-0.382350871074769
8.294,3.2393,3.1456,0.15237982789916,-0.384430012580299
8.304,3.3819,3.3243,0.151901475486195,-0.386422963001416
8.314,3.5229,3.4987,0.151463887442977,-0.388245733210118
8.324,3.6637,3.6745,0.151113948619448,-0.389703164406464
8.334,3.8054,3.8503,0.150554818103241,-0.392031404211754
8.344,3.9462,4.0236,0.150245467563025,-0.393319320434521
8.354,4.0863,4.1938,0.149720649171669,-0.395503916175597
8.364,4.2273,4.3639,0.149367811956783,-0.396972361684922
8.374,4.3679,4.5338,0.148817633805522,-0.399261678726934
8.384,4.5075,4.7057,0.1483938872509,-0.40102455402142
8.394,4.6475,4.8812,0.147893256038415,-0.403106888972131
8.404,4.7879,5.053,0.147429517214886,-0.405035389686656
8.414,4.9273,5.22,0.146946452244898,-0.407043868046172
8.424,5.0671,5.3856,0.14661299755102,-0.408430066391352
8.434,5.2078,5.5558,0.146148736470588,-0.41035972036366
8.444,5.3478,5.7305,0.145786524273709,-0.411864962203813
8.454,5.4872,5.9048,0.145413445714286,-0.413415126456941
8.464,5.6275,6.0759,0.145213527442977,-0.414245701070647
8.474,5.768,6.2448,0.144756542040816,-0.416144022408133
8.484,5.9074,6.4184,0.144482342569028,-0.417282877875852
8.494,6.0476,6.5968,0.144270299591837,-0.418163485414828
8.504,6.1885,6.7765,0.144049053589436,-0.419082230830517
8.514,6.3282,6.9534,0.14394903635054,-0.419497534607798
8.524,6.4678,7.1304,0.143943095894358,-0.419522200756228
8.534,6.6082,7.3118,0.143893944537815,-0.419726286244706
8.544,6.7482,7.4974,0.143979455798319,-0.419371225077152
8.554,6.8874,7.6863,0.14401070847539,-0.419241454111709
8.564,7.0276,7.8759,0.144187048355342,-0.418509204047862
8.566,7.0557,7.9139,0.144376381560624,-0.417722940087017
8.568,7.0836,7.9515,0.144750987178872,-0.416167095154734
8.578,7.1845,8.1117,0.145239038991597,-0.41413971534318
8.588,7.1924,8.1137,0.145792786842737,-0.41183893881264
8.598,7.1219,8.0265,0.146738585978391,-0.407908007421849
8.608,6.9852,7.8879,0.147837438271309,-0.403339031824881
8.618,6.7995,7.6971,0.14948347394958,-0.39649102065301
8.628,6.5874,7.4666,0.151174942040816,-0.389449153099775
8.638,6.3719,7.2074,0.153094121968787,-0.381453330718595
8.648,6.162,6.9094,0.155283861752701,-0.372322545363355
8.658,5.9632,6.576,0.157667065258103,-0.362375669593125
8.668,5.7759,6.2282,0.160494556542617,-0.350561745037441
8.678,5.5974,5.8794,0.163466160480192,-0.33813079678258
8.688,5.4283,5.5523,0.166387105930372,-0.325896869459963
8.698,5.2647,5.2448,0.169711117839136,-0.311956761204373
8.708,5.106,4.9598,0.173184183769508,-0.297371045563445
8.718,4.9525,4.6976,0.176910040672269,-0.281700337192089
8.728,4.8011,4.453,0.180510478031212,-0.26653411537633
8.738,4.6519,4.226,0.184738972581032,-0.248693351424327
8.748,4.5055,4.0129,0.188746918511405,-0.231754172157067
8.758,4.3599,3.8105,0.193430338103241,-0.211924379550384
8.768,4.2149,3.6163,0.197906328883553,-0.192936701384131
8.778,4.0723,3.4304,0.202697860888355,-0.172571193680564
8.788,3.9302,3.2469,0.20720238909964,-0.153388407041329
8.798,3.7875,3.0633,0.211794635966386,-0.133794911856494
8.808,3.6459,2.8906,0.21612003092437,-0.115305577619314
8.818,3.5053,2.7248,0.220363939543818,-0.0971320402830308
8.828,3.3636,2.5564,0.224320902328932,-0.0801581829709714
8.838,3.2227,2.3879,0.228046269147659,-0.0641520570836416
8.848,3.0828,2.2207,0.231315750396158,-0.050084049089369
8.858,2.9423,2.0564,0.234177008979592,-0.0377567146048669
8.868,2.8015,1.8937,0.236801557166867,-0.0264361910033563
8.878,2.6614,1.7326,0.239043393133253,-0.0167565448682786
8.888,2.5214,1.5689,0.240785076638655,-0.00923012841873344
8.898,2.3807,1.4041,0.242280531572629,-0.00276335375370898
8.908,2.2406,1.2447,0.243094542617047,0.000758371676597587
8.918,2.1009,1.0873,0.243612868283313,0.0030014763804158
8.928,1.9604,0.9302,0.243418412917167,0.00215989458322367
8.938,1.8199,0.7713,0.243042484753902,0.000533113226511038
8.948,1.6803,0.6116,0.242014344681873,-0.00391471935734701
8.958,1.5403,0.4488,0.240728059927971,-0.00947660454944478
8.968,1.3997,0.2877,0.23896740182473,-0.0170848042079798
8.978,1.2599,0.1328,0.23671314242497,-0.0268177553771882
8.988,1.1203,-0.0192,0.233981910636254,-0.0385977388854094
8.998,0.9799,-0.1601,0.230992169555822,-0.0514772211060985
9.008,0.8398,-0.2831,0.227636804129652,-0.0659125555029934
9.018,0.7004,-0.3869,0.224213484129652,-0.0806193373883005
9.028,0.5602,-0.4696,0.220433653205282,-0.0968332385469746
9.038,0.4198,-0.5236,0.216639561104442,-0.113082544430865
9.048,0.2801,-0.5523,0.212613990012005,-0.13029506586296
9.058,0.1404,-0.5651,0.208527928067227,-0.147736656362299
9.068,-0.0002,-0.5698,0.204354090132053,-0.165522237436024
9.07,-0.0282,-0.5701,0.200229312220888,-0.183068374540082
9.072,-0.056,-0.57,0.196176468427371,-0.200279167405824
9.082,-0.1562,-0.5402,0.192247547803121,-0.216936009110957
9.092,-0.1637,-0.3674,0.188471248835534,-0.232920165994363
9.102,-0.094,-0.1747,0.184452471884754,-0.249903137887301
9.112,0.0393,-0.0474,0.180662503337335,-0.265893236359853
9.122,0.2191,-0.0163,0.177114491476591,-0.280839729832369
9.132,0.4263,-0.0745,0.173705927490996,-0.295178082732032
9.142,0.6417,-0.1848,0.17055911817527,-0.308397379104298
9.152,0.8522,-0.2631,0.167472423673469,-0.321347415833245
9.162,1.0541,-0.2465,0.164709187466987,-0.332926377534335
9.172,1.2432,-0.1095,0.162337832557023,-0.342852667754118
9.182,1.4236,0.1352,0.160119419447779,-0.352129950379953
9.192,1.5948,0.4394,0.158233178007203,-0.360011421942007
9.202,1.7588,0.7687,0.156702083889556,-0.366404431901613
9.212,1.9184,1.0922,0.155566015702281,-0.371145418413602
9.222,2.0728,1.3977,0.154493508811525,-0.375619113868085
9.232,2.2242,1.6777,0.154015556734694,-0.37761213408747
9.242,2.3737,1.9265,0.153203126866747,-0.380998996806507
9.252,2.5207,2.1515,0.152654880768307,-0.383283887012401
9.262,2.666,2.3602,0.151859152460984,-0.386599273666831
9.272,2.8111,2.5607,0.151349730612245,-0.388721198650873
9.282,2.9548,2.7534,0.150798201536615,-0.391018012732698
9.292,3.0971,2.9392,0.150292345162065,-0.393124165925667
9.302,3.2397,3.1223,0.149839241584634,-0.395010307747305
9.312,3.3821,3.3016,0.149352676014406,-0.397035349996737
9.322,3.523,3.4751,0.148801021416567,-0.399330795578806
9.332,3.6639,3.6475,0.148480995822329,-0.400662189085396
9.342,3.8054,3.8229,0.148112963697479,-0.402193085684344
9.352,3.9461,3.9995,0.147778234909964,-0.403585249330822
9.362,4.0863,4.1727,0.147433832076831,-0.40501744763372
9.372,4.2272,4.3426,0.147136343145258,-0.406254390963644
9.382,4.3678,4.5108,0.146619612677071,-0.408402568625003
9.392,4.5075,4.6813,0.14636627755102,-0.409455578945235
9.402,4.6475,4.8542,0.145931026602641,-0.411264482159803
9.412,4.7879,5.0271,0.145770150492197,-0.411933001267717
9.422,4.9273,5.1961,0.145469603793517,-0.413181801433165
9.432,5.0669,5.3626,0.145480278511404,-0.413137449611871
9.442,5.2077,5.5306,0.145267538247299,-0.414021316103787
9.452,5.3478,5.7059,0.145100925522209,-0.414713483609353
9.462,5.4871,5.8809,0.144990523601441,-0.415172105613921
9.472,5.6274,6.0534,0.14534999759904,-0.413678733554393
9.482,5.7678,6.2247,0.145514922160864,-0.412993509199587
9.492,5.9074,6.3976,0.145628494597839,-0.412521614269574
9.502,6.0476,6.5746,0.145733080192077,-0.412087040256687
9.512,6.1886,6.7543,0.145939804465786,-0.411228004560232
9.522,6.3284,6.9313,0.146251755918367,-0.409931562372681
9.532,6.4678,7.1082,0.146596599039616,-0.408498231426074
9.542,6.6083,7.2887,0.146921377671068,-0.407148111717178
9.552,6.7482,7.4741,0.147432693253301,-0.405022183091235
9.562,6.8875,7.6618,0.148109245618247,-0.402208550526534
9.572,7.0277,7.8501,0.148883533589436,-0.398987494015315
9.574,7.0558,7.8878,0.149854193709484,-0.394948071910477
9.576,7.0836,7.9254,0.150951408115246,-0.390380044333198
9.586,7.1847,8.0882,0.152153356926771,-0.38537360324335
9.596,7.1928,8.0949,0.153748659063625,-0.378724904017353
9.606,7.1224,8.0108,0.155633240144058,-0.370864942420844
9.616,6.9853,7.8694,0.15756953032413,-0.362782947358881
9.626,6.7994,7.6767,0.159785150444178,-0.353527107885209
9.636,6.5873,7.4486,0.162424501416567,-0.342490050607539
9.646,6.3717,7.1895,0.16522071092437,-0.330783907043475
9.656,6.1618,6.8918,0.168280917358944,-0.317957029709187
9.666,5.9631,6.5591,0.171519742617047,-0.30436376018601
9.676,5.7757,6.2123,0.17495782482593,-0.289914246519389
9.686,5.5972,5.8653,0.178359225066026,-0.275598621304082
9.696,5.4282,5.5393,0.181991208739496,-0.260290214476253
9.706,5.2646,5.2307,0.185844437310924,-0.24402403308757
9.716,5.106,4.9431,0.18967657512605,-0.227821039170308
9.726,4.9524,4.6782,0.193929583289316,-0.209808275286584
9.736,4.8011,4.4311,0.198459222905162,-0.190588803566442
9.746,4.6519,4.2048,0.203098207346939,-0.170867754472386
9.756,4.5056,3.993,0.207724615702281,-0.151162142948358
9.766,4.36,3.7907,0.212350789963986,-0.131419447495496
9.776,4.2151,3.5956,0.216895585210084,-0.111986857615543
9.786,4.0723,3.4106,0.221155348955582,-0.0937394452978881
9.796,3.9302,3.2271,0.225246772821128,-0.0761824910562484
9.806,3.7875,3.0458,0.229118729651861,-0.0595395715038244
9.816,3.646,2.8732,0.232552938439376,-0.0447556123453217
9.826,3.5053,2.7064,0.235742455078031,-0.0310059412585657
9.836,3.3638,2.5406,0.238460201056423,-0.019275488912202
9.846,3.2227,2.3723,0.240974443313325,-0.00841147751595941
9.856,3.0828,2.202,0.242884205090036,-0.000151744990134608
9.866,2.9424,2.0358,0.244609474717887,0.00731576157041572
9.876,2.8015,1.8762,0.245660034045618,0.0118655657838284
9.886,2.6613,1.7163,0.246479755390156,0.0154170444438654
9.896,2.5214,1.5523,0.246806034957983,0.0168310058005226
9.906,2.3806,1.3862,0.246675239039616,0.0162641668126948
9.916,2.2403,1.2257,0.245850829339736,0.0126920854049624
9.926,2.1009,1.0697,0.244863144633854,0.00841418124467822
9.936,1.9608,0.9147,0.243330736422569,0.00178046270206988
9.946,1.8202,0.7552,0.241511569939976,-0.00608907135931936
9.956,1.6804,0.594,0.239063838367347,-0.0166682258865753
9.966,1.5403,0.4315,0.236281140552221,-0.0286819073593581
9.976,1.3995,0.2718,0.233422172821128,-0.0410102583187316
9.986,1.2598,0.1174,0.230042156254502,-0.0555663957254723
9.996,1.1203,-0.0341,0.226479307322929,-0.0708875894807905
10.006,0.9797,-0.1753,0.22259754789916,-0.0875541707860815
10.016,0.8398,-0.2984,0.218486490132053,-0.105175753427901
10.026,0.7005,-0.4002,0.214382677983193,-0.12273608309778
10.036,0.5603,-0.4782,0.210164023241296,-0.140756462126904
10.046,0.4198,-0.53,0.205906935318127,-0.158908862618033
10.056,0.2801,-0.5575,0.201624659687875,-0.1771361687342
10.066,0.1402,-0.569,0.197353516254502,-0.195283713089729
10.076,-0.0004,-0.5715,0.193127680288115,-0.213207013148858
10.078,-0.0283,-0.5714,0.189147156302521,-0.230061057517066
10.08,-0.056,-0.5709,0.185236253397359,-0.246593176656795
10.09,-0.1564,-0.539,0.181339010612245,-0.263040856875713
10.1,-0.1643,-0.3671,0.177806738535414,-0.277925269812698
10.11,-0.0948,-0.1735,0.174423563169268,-0.292160983534512
10.12,0.0386,-0.0434,0.171180877839136,-0.30578682139028
10.13,0.2189,-0.0098,0.168137329795918,-0.31855924130377
10.14,0.4265,-0.07,0.16536679942377,-0.330171945132885
10.15,0.6421,-0.1855,0.1628540169988,-0.340692792213719
10.16,0.8525,-0.2683,0.160619105882353,-0.350041031116663
10.17,1.0544,-0.256,0.158870821368547,-0.357347779979991
10.18,1.2435,-0.1269,0.15743458487395,-0.363346413603158
10.19,1.4237,0.1097,0.156186999567827,-0.368554233223542
10.2,1.5949,0.4103,0.155466102953181,-0.371562263238937
10.21,1.7589,0.7395,0.154706836446579,-0.374729428543433
10.22,1.9188,1.0656,0.153956216326531,-0.377859551195844
10.23,2.0733,1.3723,0.153373680384154,-0.380288086399388
10.24,2.2245,1.651,0.152838983577431,-0.38251667114907
10.25,2.3745,1.9013,0.152254252484994,-0.384953233076158
10.26,2.5212,2.1276,0.151701088307323,-0.387257715357398
10.27,2.666,2.3373,0.151106786794718,-0.389732989899886
10.28,2.8111,2.5397,0.150589178871549,-0.391888340205881
10.29,2.9548,2.7316,0.150138865786314,-0.393763096554516
10.3,3.097,2.9174,0.149550991548619,-0.39621002758564
10.31,3.2394,3.1021,0.149188587034814,-0.397718182005321
10.32,3.3819,3.283,0.14877764,-0.399428074578648
10.33,3.5228,3.4572,0.14835810909964,-0.401173384600285
10.34,3.6637,3.6293,0.148012137815126,-0.402612448762728
10.35,3.8053,3.8005,0.147619011956783,-0.404247402843986
10.36,3.9461,3.9754,0.147249385162065,-0.405784386068605
10.37,4.0861,4.1484,0.146914090804322,-0.407178405539109
10.38,4.2273,4.3185,0.146511696902761,-0.408851143722306
10.39,4.3679,4.4867,0.146143760336134,-0.410380401161049
10.4,4.5074,4.6577,0.145933189435774,-0.411255494225934
10.41,4.6474,4.835,0.145579002545018,-0.412727257097365
10.42,4.7876,5.0102,0.145396442160864,-0.413485771585306
10.43,4.927,5.1787,0.145144459879952,-0.414532631253282
10.44,5.0668,5.3441,0.14496017210084,-0.415298185508151
10.45,5.2077,5.5143,0.144793617478992,-0.415990024035241
10.46,5.3477,5.6876,0.144726994477791,-0.41626675094257
10.47,5.4871,5.8624,0.1447315515006,-0.4162478230245
10.48,5.6275,6.0345,0.144736813253301,-0.416225967916547
10.49,5.7678,6.2025,0.144789340120048,-0.416007790804826
10.5,5.9074,6.373,0.14492560240096,-0.415441785848713
10.51,6.0475,6.5488,0.145213022713085,-0.414247797920152
10.52,6.1884,6.7316,0.14546795697479,-0.413188643695911
10.53,6.3281,6.9133,0.145903737959184,-0.411377882972311
10.54,6.4677,7.0934,0.146362001248499,-0.409473352839273
10.55,6.6083,7.2748,0.146733533973589,-0.407929008639716
10.56,6.7482,7.4594,0.147650339735894,-0.404117124816654
10.57,6.8875,7.6472,0.148678298823529,-0.399841375706054
10.58,7.0275,7.8324,0.1498829527491,-0.394828365912462
10.582,7.0557,7.8698,0.15125764244898,-0.389104731343896
10.584,7.0836,7.9071,0.153152059783913,-0.381211847653588
10.594,7.1846,8.0673,0.155083830876351,-0.373156977422949
10.604,7.1925,8.0747,0.157422389627851,-0.363397333443105
10.614,7.1223,7.9907,0.159839400240096,-0.353300370964675
10.624,6.9856,7.85,0.162450566242497,-0.342380994446969
10.634,6.7996,7.657,0.16530812969988,-0.330417715920227
10.644,6.5874,7.4286,0.168538220744298,-0.31687780017287
10.654,6.3717,7.1719,0.171898016662665,-0.302774963972665
10.664,6.1617,6.8737,0.175417732292917,-0.287979793541049
10.674,5.963,6.5387,0.179153777190876,-0.272251643665768
10.684,5.7756,6.1894,0.182962083217287,-0.256194176462
10.694,5.5972,5.844,0.187032670876351,-0.239002719670527
10.704,5.4282,5.5215,0.19129741392557,-0.220960058802917
10.714,5.2646,5.2158,0.195708791404562,-0.202263334354482
10.724,5.106,4.9311,0.200294995342137,-0.182789205473815
10.734,4.9524,4.6651,0.204884352989196,-0.163264395373318
10.744,4.801,4.4164,0.209492701128451,-0.143621150278428
10.754,4.6517,4.1883,0.214031961680672,-0.124235411400315
10.764,4.5055,3.9783,0.218175002785114,-0.106509673757458
10.774,4.36,3.7779,0.22231217637455,-0.0887783629209819
10.784,4.2152,3.5813,0.226010807635054,-0.0729005609144438
10.794,4.0723,3.3929,0.22949585997599,-0.05791709985925
10.804,3.9303,3.2093,0.232557762016807,-0.0447348323003909
10.814,3.7876,3.0305,0.235149913181273,-0.0335617193241616
10.824,3.646,2.8584,0.23759286180072,-0.0230205905694223
10.834,3.5054,2.6898,0.239475859351741,-0.0148882228124331
10.844,3.3638,2.5233,0.241007071980792,-0.00827041397270372
10.854,3.2226,2.3552,0.242000894885954,-0.00397289172726393
10.864,3.0828,2.1882,0.242554996494598,-0.00157604741407293
10.874,2.9424,2.0223,0.242638886914766,-0.00121311895757623
10.884,2.8013,1.8602,0.242244117647059,-0.00292086626702049
10.894,2.6613,1.7028,0.241478978679472,-0.00623000306061424
10.904,2.5215,1.5378,0.240233599183674,-0.0116138490365768
10.914,2.3806,1.3686,0.238920726818727,-0.0172864208428199
10.924,2.2403,1.2064,0.23693594909964,-0.0258561794429051
10.934,2.101,1.0519,0.234648735510204,-0.0357229250046122
10.944,1.9604,0.8981,0.231850495078031,-0.0477813001574409
10.954,1.8198,0.741,0.228867962929172,-0.0606182658610293
10.964,1.6803,0.5806,0.225519033565426,-0.0750131088609787
10.974,1.5402,0.4163,0.222013519903962,-0.09005938846423
10.984,1.3995,0.2556,0.218233742953181,-0.106258136853744
10.994,1.2599,0.1002,0.214111117118848,-0.123897037467413
11.004,1.1203,-0.0503,0.210050826794718,-0.141239554069491
11.014,0.9797,-0.1898,0.205858141128451,-0.159116736207761
11.024,0.8398,-0.3117,0.201594096422569,-0.177266142918054
11.034,0.7005,-0.4126,0.197629488835534,-0.194112116230724
11.044,0.5602,-0.4868,0.19348256422569,-0.211703034116917
11.054,0.4198,-0.5292,0.189480124753902,-0.228652295780901
11.064,0.2801,-0.5533,0.185434518895558,-0.245755717543372
11.074,0.1402,-0.5671,0.181807496806723,-0.261065093987073
11.084,-0.0004,-0.5715,0.177992321632653,-0.27714379595202
11.086,-0.0283,-0.5718,0.174514919471789,-0.291776837031099
11.088,-0.056,-0.5714,0.171099038895558,-0.306130473746034
11.098,-0.1562,-0.5393,0.168039970084034,-0.318967551205028
11.108,-0.164,-0.3659,0.165209328307323,-0.330831587054068
11.118,-0.0942,-0.174,0.16274163394958,-0.34116307694579
11.128,0.0392,-0.046,0.160508729555822,-0.35050249207817
11.138,0.2192,-0.0125,0.158621413157263,-0.35838972206105
11.148,0.4267,-0.0709,0.157154710492197,-0.364514932131045
11.158,0.642,-0.185,0.155948867178872,-0.369547969006669
11.168,0.8524,-0.2701,0.154958749867947,-0.373678719875017
11.178,1.0541,-0.2638,0.154300744537815,-0.376422972088055
11.188,1.2434,-0.1408,0.153711238895558,-0.378880909211723
11.198,1.4236,0.0894,0.153114304201681,-0.38136921243621
11.208,1.5948,0.3888,0.152641504393757,-0.383339628414203
11.218,1.7588,0.7186,0.152122017767107,-0.385504170819102
11.228,1.9185,1.0455,0.151566194333733,-0.387819603977798
11.238,2.0732,1.3527,0.15105569392557,-0.389945764127474
11.248,2.2243,1.6308,0.150717793709484,-0.391352823300059
11.258,2.3741,1.8819,0.15019718607443,-0.393520315483511
11.268,2.5212,2.1094,0.149794493829532,-0.395196560854079
11.278,2.6658,2.3201,0.149417519087635,-0.396765502406874
11.288,2.8108,2.5217,0.149119845954382,-0.398004224110068
11.298,2.9547,2.7136,0.148881836014406,-0.3989945570928
11.308,3.0968,2.8986,0.148543653637455,-0.400401529362599
11.318,3.2394,3.0812,0.148211588619448,-0.401782860153366
11.328,3.3819,3.2615,0.147717870012005,-0.403836291299352
11.338,3.5229,3.437,0.147262770948379,-0.405728729338671
11.348,3.6637,3.6123,0.146889974501801,-0.407278664027733
11.358,3.8054,3.7856,0.146590221176471,-0.408524742687482
11.368,3.9462,3.9599,0.14627694727491,-0.409826862087947
11.378,4.0863,4.1332,0.146118996878751,-0.410483317372764
11.388,4.2275,4.3029,0.146005126770708,-0.410956544727931
11.398,4.3679,4.4719,0.145663974837935,-0.412374188891056
11.408,4.5075,4.643,0.145637585690276,-0.412483839709589
11.418,4.6475,4.8171,0.145578777286915,-0.412728193050438
11.428,4.7879,4.989,0.145555480672269,-0.412824990599982
11.438,4.9273,5.1569,0.145498701848739,-0.413060903002252
11.448,5.0671,5.3256,0.14543834487395,-0.41331167634448
11.458,5.2078,5.4985,0.145492955966387,-0.413084776470668
11.468,5.3478,5.6725,0.145498664777911,-0.413061057027384
11.478,5.4872,5.8439,0.145725521440576,-0.412118449005215
11.488,5.6276,6.0139,0.145897709003601,-0.411402936755946
11.498,5.768,6.1839,0.146139086290516,-0.410399826439672
11.508,5.9074,6.3582,0.14656019635054,-0.408649547817436
11.518,6.0475,6.5355,0.146985782088836,-0.406880358119754
11.528,6.1884,6.7149,0.147605822713085,-0.404302250424498
11.538,6.3281,6.8937,0.148392040432173,-0.401032236503967
11.548,6.4677,7.0732,0.149692345114046,-0.39562172049308
11.558,6.6083,7.2548,0.150864699015606,-0.390741115147515
11.568,6.7483,7.4385,0.152554066938776,-0.383703986105354
11.578,6.8874,7.6276,0.154329440720288,-0.376303308414502
11.588,7.0276,7.8166,0.156516720912365,-0.367178131826345
11.59,7.0557,7.8541,0.158862670396158,-0.357381833647788
11.592,7.0836,7.8913,0.161777780936375,-0.345195575871295
11.602,7.1845,8.051,0.164668063673469,-0.333098601198383
11.612,7.1924,8.0565,0.167809346746699,-0.319934680203318
11.622,7.1221,7.9743,0.170909203745498,-0.30692757135707
11.632,6.9852,7.8361,0.174185169939976,-0.293163340956963
11.642,6.7994,7.6442,0.177657257623049,-0.278554676859464
11.652,6.5871,7.415,0.181523106506603,-0.262264508772633
11.662,6.3717,7.1579,0.185285743577431,-0.246384140177853
11.672,6.1618,6.8601,0.189328661368547,-0.229293148905072
11.682,5.9631,6.5264,0.193743737478992,-0.210596054050061
11.692,5.7757,6.1799,0.198488477454982,-0.19046455729363
11.702,5.5972,5.8337,0.203175849987995,-0.170537358897679
11.712,5.4282,5.5085,0.20795955759904,-0.150160421952835
11.722,5.2646,5.1999,0.212739444897959,-0.129759083356633
11.732,5.106,4.913,0.217293385930372,-0.110284187514908
11.742,4.9524,4.6488,0.221658052917167,-0.0915838823179155
11.752,4.8011,4.4025,0.225862395630252,-0.0735381505000815
11.762,4.6519,4.174,0.229560727971189,-0.0576380020843458
11.772,4.5055,3.9607,0.233123562737095,-0.0422970624114853
11.782,4.3599,3.7608,0.236200315918367,-0.0290306400645589
11.792,4.2151,3.5673,0.238962195630252,-0.0171072930010917
11.802,4.0722,3.3803,0.241287139063625,-0.00705952017443388
11.812,3.9301,3.1964,0.243302268139256,0.00165726536631494
11.822,3.7873,3.0152,0.244890652869148,0.00853330208499588
11.832,3.6459,2.8439,0.246123332965186,0.0138726781681334
11.842,3.5052,2.6775,0.246778982088836,0.0167137624197814
11.852,3.3636,2.5109,0.247059058871549,0.0179276409472805
11.862,3.2227,2.3431,0.246917238511405,0.017312960587825
11.872,3.0828,2.1748,0.246358194765906,0.0148903003595405
11.882,2.9424,2.007,0.245219489315726,0.00995739232911454
11.892,2.8015,1.8445,0.243622234141657,0.00304201253953499
11.902,2.6614,1.6867,0.241610825882353,-0.00565985517683282
11.912,2.5214,1.5239,0.23916351452581,-0.0162376356134285
11.922,2.3806,1.357,0.236292012340936,-0.0286349981302306
11.932,2.2405,1.1951,0.233159166386555,-0.0421436436339835
11.942,2.1009,1.0379,0.229695413205282,-0.0570584879259804
11.952,1.9603,0.8834,0.2261046084994,-0.0724975646156792
11.962,1.8198,0.7271,0.222206404417767,-0.0892320683045262
11.972,1.6803,0.5672,0.218090561728691,-0.106871256071617
11.982,1.5403,0.4038,0.213773296230492,-0.12534107728981
11.992,1.3997,0.2416,0.209623398703481,-0.14306349616105
12.002,1.2599,0.0858,0.205309521488595,-0.161453680933648
12.012,1.1203,-0.0643,0.20104461027611,-0.179602620395122
12.022,0.9799,-0.1996,0.196954964801921,-0.196975461061519
12.032,0.84,-0.3154,0.192655503961585,-0.215207726749996
12.042,0.7007,-0.4143,0.18874407212485,-0.231766212137046
12.052,0.5603,-0.4894,0.184739040912365,-0.248693062869214
12.062,0.4198,-0.5334,0.181004562881152,-0.264451099745856
12.072,0.2801,-0.555,0.177335650516206,-0.279908709311826
12.082,0.1402,-0.5669,0.174013488691477,-0.293885137258495
12.092,-0.0004,-0.5722,0.170419510204082,-0.308983453165082
12.094,-0.0283,-0.5726,0.16734746789916,-0.321871311692043
12.096,-0.056,-0.5725,0.164420928883553,-0.33413352327534
12.106,-0.1564,-0.5412,0.162132375222089,-0.343712236626201
12.116,-0.1643,-0.3688,0.159975799423769,-0.352730268376222
12.126,-0.0949,-0.1761,0.158203782857143,-0.360134198047027
12.136,0.0377,-0.0483,0.156679871068427,-0.366497150723992
12.146,0.2184,-0.0116,0.155672740792317,-0.370700132906287
12.156,0.4267,-0.0686,0.15492965695078,-0.373800069447796
12.166,0.6426,-0.1866,0.154343111548619,-0.376246300279594
12.176,0.8533,-0.2787,0.153392532629052,-0.380209502380363
12.186,1.0552,-0.2754,0.152765223529412,-0.382824060087921
12.196,1.2442,-0.1544,0.152227006626651,-0.38506675165154
12.206,1.4243,0.075,0.151615287202881,-0.387615115699928
12.216,1.5954,0.3725,0.151009993421369,-0.390136078266025
12.226,1.7591,0.7,0.150329180456182,-0.392970815541575
12.236,1.9189,1.0273,0.149882069435774,-0.394832042617675
12.246,2.0733,1.3358,0.149546498343337,-0.396228727538801
12.256,2.2245,1.6153,0.149008234861945,-0.39846863759695
12.266,2.3739,1.8659,0.148763621128451,-0.399486400013534
12.276,2.5208,2.0912,0.148242867034814,-0.401652755633691
12.286,2.6662,2.3015,0.147922515438175,-0.40298519869356
12.296,2.8111,2.5026,0.147641874813926,-0.404152326754452
12.306,2.9549,2.6963,0.147464109003601,-0.404891549261471
12.316,3.0971,2.8843,0.147029661176471,-0.406697932035925
12.326,3.2396,3.0668,0.146832077406963,-0.407519355034419
12.336,3.3821,3.2443,0.146615928163265,-0.408417884427021
12.346,3.523,3.4173,0.146377559471789,-0.409408686961781
12.356,3.6639,3.5924,0.145903723889556,-0.411377941439792
12.366,3.8054,3.7677,0.145817682641056,-0.411735486498745
12.376,3.9461,3.9423,0.145529083553421,-0.41293466963712
12.386,4.0863,4.113,0.145394923457383,-0.413492081360115
12.396,4.2273,4.2824,0.145115443073229,-0.414653174516715
12.406,4.3679,4.4528,0.145117694597839,-0.414643821157109
12.416,4.5075,4.6254,0.145254551068427,-0.41407527109228
12.426,4.6475,4.7995,0.145150370756303,-0.414508075779002
12.436,4.7879,4.9726,0.145199703481393,-0.414303131169293
12.446,4.9273,5.1408,0.145375178727491,-0.413574114657017
12.456,5.0671,5.3081,0.145479154957983,-0.413142117813797
12.466,5.2078,5.4791,0.145891481680672,-0.411428814804844
12.476,5.3478,5.6534,0.146122081632653,-0.410470497282144
12.486,5.4871,5.827,0.146728098103241,-0.407951605540402
12.496,5.6275,5.9981,0.147239805330132,-0.405824217841119
12.506,5.768,6.1669,0.147846494069628,-0.403301369648397
12.516,5.9074,6.3432,0.148740454213685,-0.39958278509108
12.526,6.0475,6.5212,0.149808265354142,-0.395139240149249
12.536,6.1884,6.6994,0.151178102761104,-0.389435989888154
12.546,6.3282,6.8784,0.15269624182473,-0.383111527208093
12.556,6.4678,7.0576,0.154600366482593,-0.375173472529839
12.566,6.6083,7.2379,0.156484512172869,-0.367312564172513
12.576,6.7482,7.4232,0.158964188187275,-0.356957697772489
12.586,6.8874,7.6121,0.161511655942377,-0.346308687451206
12.596,7.0275,7.8024,0.164083641104442,-0.335545806767131
12.598,7.0557,7.8402,0.166827705354142,-0.32405020356717
12.6,7.0836,7.8778,0.170054030636255,-0.310517575414987
12.61,7.1845,8.0372,0.173357807490996,-0.29664133308067
12.62,7.1924,8.0383,0.176883261416567,-0.281813055357856
12.63,7.1221,7.9553,0.180441316926771,-0.266825658064483
12.64,6.9852,7.8204,0.184122808931573,-0.251295004491261
12.65,6.7993,7.63,0.187927945978391,-0.235217770789448
12.66,6.587,7.3998,0.192139699831933,-0.217392851704561
12.67,6.3715,7.1409,0.196654044369748,-0.198252604562397
12.68,6.1617,6.8445,0.200936532340936,-0.180062117076886
12.69,5.9629,6.5125,0.20529848667467,-0.161500680235704
12.7,5.7756,6.164,0.209765358511405,-0.142457754414364
12.71,5.5971,5.8183,0.214019639423769,-0.124288085618682
12.72,5.4281,5.4936,0.218029934933974,-0.107130856231073
12.73,5.2645,5.1857,0.221951720864346,-0.0903244427450011
12.74,5.1059,4.9005,0.22566933454982,-0.0743674966870147
12.75,4.9524,4.637,0.228842069051621,-0.0607296441159234
12.76,4.8011,4.3923,0.23203866180072,-0.046970882717463
12.77,4.6519,4.1647,0.234517805042017,-0.0362874556176572
12.78,4.5056,3.9507,0.236571103769508,-0.0274307104957329
12.79,4.36,3.7469,0.238112780984394,-0.0207757848345623
12.8,4.2151,3.5518,0.239581031164466,-0.0144338127315081
12.81,4.0722,3.3684,0.240370860504202,-0.0110205987373419
12.82,3.9301,3.1877,0.240894530852341,-0.00875695495035798
12.83,3.7873,3.0083,0.24073662909964,-0.00943956146592419
12.84,3.6459,2.8349,0.240609425306122,-0.00998942829969878
12.85,3.5052,2.6646,0.239660777382953,-0.0140892442361798
12.86,3.3636,2.4954,0.238493477406963,-0.0191317771101318
12.87,3.2226,2.329,0.23679988057623,-0.0264434266621627
12.88,3.0828,2.1613,0.234881619255702,-0.0347187275622723
12.89,2.9423,1.9941,0.23250614545018,-0.0449571950719035
12.9,2.8013,1.8317,0.229715855990396,-0.0569705252866727
12.91,2.6613,1.6731,0.226776214693878,-0.0696116827727075
12.92,2.5214,1.5146,0.223534436638655,-0.0835340593939565
12.93,2.3806,1.3509,0.219720862521008,-0.099887940271669
12.94,2.2405,1.1868,0.215977468523409,-0.115915507706389
12.95,2.1009,1.0261,0.211922833613445,-0.133247398533932
12.96,1.9608,0.8686,0.207971561344538,-0.150109238985025
12.97,1.8203,0.7092,0.203694138823529,-0.1683315914016
12.98,1.6805,0.5471,0.199706965618247,-0.185288201299591
12.99,1.5404,0.3848,0.195689513373349,-0.20234511505671
13,1.3995,0.2259,0.191698101704682,-0.219263241834076
13.01,1.2598,0.0736,0.187777752893157,-0.235852839458253
13.02,1.1205,-0.0735,0.183901613829532,-0.252228803264668
13.03,0.98,-0.2109,0.180192470156062,-0.26787458101458
13.04,0.8398,-0.3274,0.176473322641056,-0.283538396934687
13.05,0.7007,-0.4234,0.173116638655462,-0.297654912593892
13.06,0.5603,-0.496,0.169730650036014,-0.311874791157006
13.07,0.4197,-0.541,0.166667374885954,-0.324722228902922
13.08,0.2801,-0.5632,0.164001185546219,-0.3358910327833
13.09,0.1404,-0.5712,0.161464463865546,-0.346506063296493
13.1,-0.0002,-0.5727,0.159167490036014,-0.356108260090344
13.102,-0.0283,-0.5722,0.157128514861945,-0.364624295998317
13.104,-0.056,-0.5711,0.155406880480192,-0.371809336517638
13.114,-0.1562,-0.5374,0.154110088307323,-0.377217976518651
13.124,-0.164,-0.3671,0.153252983577431,-0.380791186540331
13.134,-0.0941,-0.1773,0.152473019591837,-0.384041704052803
13.144,0.0392,-0.0498,0.152023474285714,-0.385914719120321
13.154,0.2192,-0.0154,0.151307174837935,-0.388898438557507
13.164,0.4267,-0.07,0.150794280672269,-0.391034339097545
13.174,0.6421,-0.1829,0.150297983337335,-0.393100693579319
13.184,0.8525,-0.275,0.149861048547419,-0.394919539611715
13.194,1.0544,-0.2774,0.149416996110444,-0.396767678830644
13.204,1.2434,-0.1625,0.14905206665066,-0.398286256177986
13.214,1.4237,0.0626,0.14844749637455,-0.400801545743267
13.224,1.5949,0.3566,0.147952928643457,-0.402858708165053
13.234,1.7589,0.6817,0.147597902857143,-0.404335185068571
13.244,1.9186,1.0087,0.14706866362545,-0.40653577767205
13.254,2.0733,1.3168,0.146724567202881,-0.407966283458059
13.264,2.2244,1.5986,0.146456836302521,-0.409079175943889
13.274,2.3743,1.8522,0.146108082929172,-0.410528675097748
13.284,2.521,2.0782,0.145731659831933,-0.412092942261931
13.294,2.6658,2.2882,0.145461306938775,-0.413216273461807
13.304,2.8111,2.4876,0.145138545882353,-0.414557199634282
13.314,2.9549,2.6797,0.14496077819928,-0.415295667795438
13.324,3.0972,2.8664,0.144784452292917,-0.416028093224056
13.334,3.2398,3.0516,0.14469636667467,-0.416393964777431
13.344,3.3822,3.23,0.14453798362545,-0.417051789651701
13.354,3.5229,3.404,0.144411816710684,-0.417575777991919
13.364,3.6637,3.5792,0.144280670156062,-0.418120418590045
13.374,3.8053,3.7547,0.144180708859544,-0.418535529679491
13.384,3.946,3.9316,0.144222442929172,-0.418362221929667
13.394,4.0861,4.1003,0.14417601512605,-0.418555021011623
13.404,4.2272,4.267,0.144191724513806,-0.418489785610131
13.414,4.3678,4.437,0.144461270588235,-0.417370392563752
13.424,4.5074,4.6094,0.144766048403361,-0.416104536534913
13.434,4.6474,4.7852,0.145185340504202,-0.414362800201411
13.444,4.7877,4.9589,0.145499042641056,-0.413059487048301
13.454,4.9272,5.1266,0.146034102809124,-0.410836126696931
13.464,5.0669,5.2917,0.146522540456183,-0.408806071064702
13.474,5.2077,5.4608,0.147261150588235,-0.405735466646698
13.484,5.3478,5.6342,0.148158980840336,-0.402001681708544
13.494,5.4871,5.8092,0.149117714573829,-0.398013092979571
13.504,5.6272,5.9834,0.150397024105642,-0.392688367022573
13.514,5.7677,6.1525,0.151999450084034,-0.386014805353209
13.524,5.9073,6.3248,0.153701184537815,-0.378922825556561
13.534,6.0476,6.5021,0.155765789291717,-0.370311893768454
13.544,6.1885,6.6829,0.158118213013205,-0.3604915931504
13.554,6.3282,6.8627,0.160538000672269,-0.35038011754741
13.564,6.4679,7.0413,0.163217945066026,-0.339169727400353
13.574,6.6084,7.2207,0.166285831788716,-0.326321287940095
13.584,6.7482,7.4043,0.169442443073229,-0.313084231372876
13.594,6.8874,7.5926,0.172909473997599,-0.298525499169293
13.604,7.0275,7.7833,0.176491747466987,-0.283460857214448
13.606,7.0556,7.8218,0.180170287587035,-0.267968078299195
13.608,7.0835,7.86,0.183904116686675,-0.252218237665426
13.618,7.1845,8.0236,0.187875562016807,-0.2354392729237
13.628,7.1924,8.0276,0.191945768019208,-0.218214292762214
13.638,7.1221,7.9418,0.196299559855942,-0.199756875378018
13.648,6.9852,7.8045,0.200762732196879,-0.180800990361517
13.658,6.7995,7.6168,0.205291048979592,-0.161532358624951
13.668,6.5873,7.3895,0.209666587707083,-0.142879212711768
13.678,6.3716,7.1286,0.214202214597839,-0.123507599804728
13.688,6.1616,6.829,0.218386559039616,-0.105603719490589
13.698,5.9629,6.4974,0.222595072845138,-0.0875647889481083
13.708,5.7755,6.1521,0.226534360432173,-0.0706510205056919
13.718,5.597,5.8086,0.230104896278511,-0.0552963919367743
13.728,5.428,5.4851,0.23340490482593,-0.0410846758940929
13.738,5.2643,5.1775,0.2363053915006,-0.0285772698871927
13.748,5.1058,4.8911,0.238698792509004,-0.0182450307752795
13.758,4.9524,4.6244,0.240919589867947,-0.00864862109943253
13.768,4.801,4.3785,0.242636091812725,-0.00122521139148539
13.778,4.652,4.1522,0.243911494741897,0.00429403339152362
13.788,4.5056,3.9412,0.244756348331333,0.00795172678843121
13.798,4.36,3.7392,0.245162370084034,0.00971001224144947
13.808,4.2151,3.543,0.244940781896759,0.0087503828728575
13.818,4.0722,3.3565,0.244223193613445,0.00564334539747375
13.828,3.9302,3.1746,0.243205513901561,0.00123856957122128
13.838,3.7875,2.9958,0.241811525666266,-0.00479190688580052
13.848,3.646,2.8241,0.240028356158463,-0.012500855837637
13.858,3.5053,2.6554,0.237864985306122,-0.021845729862936
13.868,3.3638,2.4863,0.235363766002401,-0.0326393931353098
13.878,3.2226,2.3182,0.232526771332533,-0.0448683399067728
13.888,3.0828,2.1519,0.229201226458583,-0.0591846796934247
13.898,2.9423,1.9873,0.225698943289316,-0.0742403086776377
13.908,2.8013,1.8244,0.22196154122449,-0.0902823239646012
13.918,2.6613,1.6641,0.217893877983193,-0.107713419660087
13.928,2.5213,1.5034,0.213810059303721,-0.125183940758882
13.938,2.3805,1.3381,0.209682680288115,-0.142810546320017
13.948,2.2403,1.1755,0.205516016902761,-0.160574139081804
13.958,2.1012,1.018,0.201195701128451,-0.178960218274312
13.968,1.9605,0.8592,0.197034917262905,-0.196636106028282
13.978,1.8199,0.7002,0.193203032268908,-0.212887694079374
13.988,1.6804,0.5397,0.189245093685474,-0.229646712865254
13.998,1.5404,0.3761,0.185374355438175,-0.246009850921887
14.008,1.3995,0.2165,0.181691122593037,-0.261555918813831
14.018,1.2599,0.0649,0.178053422376951,-0.276886493007956
14.028,1.1203,-0.0809,0.174509375990396,-0.291800147375371
14.038,0.9797,-0.2171,0.171240827659064,-0.305535076916484
14.048,0.8398,-0.3356,0.168237678367347,-0.318138379418877
14.058,0.7005,-0.4307,0.165442180696279,-0.32985615996868
14.068,0.5603,-0.5006,0.163000134885954,-0.340081306012808
14.078,0.4198,-0.5414,0.160811292052821,-0.349237489607574
14.088,0.2801,-0.5615,0.158874159615846,-0.357333833198072
14.098,0.1402,-0.5705,0.157339250132053,-0.363744465960448
14.108,-0.0002,-0.5714,0.156049731668667,-0.369127069469218
14.11,-0.0283,-0.5708,0.155303658007203,-0.372239961218111
14.112,-0.056,-0.5698,0.154524876638655,-0.375488298901423
14.122,-0.1563,-0.5372,0.153821713565426,-0.378420331853522
14.132,-0.1643,-0.3643,0.153229299591837,-0.380889905486299
14.142,-0.0948,-0.1732,0.152768382280912,-0.382810896442349
14.152,0.0378,-0.0466,0.152261146218487,-0.384924510460541
14.162,0.2184,-0.012,0.151750066602641,-0.387053692970213
14.172,0.4267,-0.0691,0.151350969459784,-0.388716038946721
14.182,0.6428,-0.1853,0.151016668331333,-0.390108281646753
14.192,0.8534,-0.2805,0.150610299735894,-0.391800400669601
14.202,1.0552,-0.2856,0.150238463241296,-0.393348479559732
14.212,1.2443,-0.1763,0.149825596254502,-0.395067103924496
14.222,1.4245,0.0442,0.14940051817527,-0.396836253224924
14.232,1.5954,0.3366,0.148953965378151,-0.398694445066632
14.242,1.7591,0.6623,0.148626020504202,-0.400058868731736
14.252,1.9189,0.989,0.148194167827131,-0.401855322298278
14.262,2.0734,1.2978,0.147893969219688,-0.403103922858068
14.272,2.2245,1.5804,0.147498310828331,-0.404749328377879
14.282,2.3743,1.8355,0.147305636062425,-0.405550498514229
14.292,2.5214,2.064,0.14687019515006,-0.407360891805953
14.302,2.666,2.2746,0.146693473373349,-0.408095539275815
14.312,2.811,2.474,0.146341420648259,-0.409558892983537
14.322,2.9549,2.6653,0.146137073277311,-0.410408192487355
14.332,3.097,2.8514,0.145936996398559,-0.411239673878397
14.342,3.2394,3.0355,0.145862138631453,-0.411550750877028
14.352,3.3819,3.2163,0.145497363121249,-0.41306646526328
14.362,3.5228,3.3916,0.145404667611044,-0.413451597144311
14.372,3.6636,3.5657,0.145249678943577,-0.414095512168173
14.382,3.8053,3.739,0.145259985738295,-0.414052692894435
14.392,3.9461,3.9142,0.145142840432173,-0.414539358893017
14.402,4.0863,4.0844,0.145300114669868,-0.413885976703391
14.412,4.2273,4.2525,0.145490812484994,-0.41309368237041
14.422,4.3679,4.4213,0.14559948667467,-0.412642144661435
14.432,4.5074,4.593,0.145787046290516,-0.411862793025088
14.442,4.6475,4.7679,0.1463585842497,-0.409487555126887
14.452,4.7879,4.9408,0.146928273997599,-0.40711944141131
14.462,4.9273,5.1109,0.147722880528211,-0.403815454098514
14.472,5.0671,5.2809,0.148566437743097,-0.400306744645913
14.482,5.2078,5.452,0.149654232989196,-0.395780344794823
14.492,5.3478,5.6233,0.151134585930372,-0.389617219618193
14.502,5.4871,5.7934,0.152851098439376,-0.382466182562991
14.512,5.6272,5.9643,0.154859457767107,-0.374092871517995
14.522,5.7677,6.1358,0.157200216998799,-0.364324944671845
14.532,5.9073,6.3113,0.159818705594238,-0.353386864797943
14.542,6.0474,6.4894,0.162416472605042,-0.342523643204332
14.552,6.1885,6.669,0.165328807442977,-0.330331096367089
14.562,6.3281,6.8487,0.168486713517407,-0.317093850530191
14.572,6.4676,7.0278,0.171675033133253,-0.303711551575273
14.582,6.6083,7.2097,0.175068412629052,-0.289449128137101
14.592,6.7483,7.3942,0.178821878223289,-0.273649871659747
14.602,6.8876,7.5792,0.182490593853541,-0.258183556752043
14.612,7.0277,7.7673,0.186450352028812,-0.241463829667738
14.614,7.0559,7.8052,0.19077892422569,-0.223155319092003
14.616,7.0837,7.8431,0.195070411332533,-0.20497110275947
14.626,7.1847,8.0077,0.199510736758703,-0.18612199416435
14.636,7.1927,8.0149,0.20400213939976,-0.167020556585946
14.646,7.1221,7.93,0.208502047539016,-0.147847034081255
14.656,6.9852,7.7896,0.212962461944778,-0.128806215429582
14.666,6.7992,7.6016,0.217318791164466,-0.110175438189051
14.676,6.5871,7.3773,0.221347725138055,-0.0929146018921883
14.686,6.3716,7.1189,0.225068462713085,-0.0769482753065709
14.696,6.1617,6.819,0.228551637262905,-0.0619788058614216
14.706,5.963,6.4851,0.231777664489796,-0.0480949578929078
14.716,5.7756,6.1393,0.234731758511405,-0.0353649401080245
14.726,5.5971,5.7972,0.237144244513806,-0.0249571489858082
