Tempo;Spostamento;Forza
(s);(mm);(N)
"0,0000";"0,0001";"0,0012"
"0,0100";"0,0110";"0,0056"
"0,0200";"0,0612";"0,0703"
"0,0300";"0,1538";"0,1977"
"0,0400";"0,2753";"0,3610"
"0,0500";"0,4124";"0,5450"
"0,0600";"0,5539";"0,7407"
"0,0700";"0,6931";"0,9467"
"0,0800";"0,8292";"1,1687"
"0,0900";"0,9616";"1,4066"
"0,1000";"1,0888";"1,6474"
"0,1100";"1,2122";"1,8777"
"0,1200";"1,3338";"2,0929"
"0,1300";"1,4537";"2,2922"
"0,1400";"1,5711";"2,4809"
"0,1500";"1,6870";"2,6613"
"0,1600";"1,8028";"2,8340"
"0,1700";"1,9180";"2,9962"
"0,1800";"2,0317";"3,1474"
"0,1900";"2,1448";"3,2918"
"0,2000";"2,2584";"3,4321"
"0,2100";"2,3719";"3,5713"
"0,2200";"2,4840";"3,7047"
"0,2300";"2,5962";"3,8338"
"0,2400";"2,7090";"3,9614"
"0,2500";"2,8219";"4,0870"
"0,2600";"2,9340";"4,2094"
"0,2700";"3,0457";"4,3312"
"0,2800";"3,1580";"4,4550"
"0,2900";"3,2707";"4,5820"
"0,3000";"3,3832";"4,7038"
"0,3100";"3,4948";"4,8226"
"0,3200";"3,6066";"4,9420"
"0,3300";"3,7190";"5,0657"
"0,3400";"3,8315";"5,1904"
"0,3500";"3,9434";"5,3077"
"0,3600";"4,0550";"5,4186"
"0,3700";"4,1675";"5,5302"
"0,3800";"4,2801";"5,6468"
"0,3900";"4,3918";"5,7636"
"0,4000";"4,5030";"5,8785"
"0,4100";"4,6149";"5,9929"
"0,4200";"4,7269";"6,1060"
"0,4300";"4,8386";"6,2226"
"0,4400";"4,9501";"6,3409"
"0,4500";"5,0621";"6,4630"
"0,4600";"5,1747";"6,5828"
"0,4700";"5,2870";"6,6963"
"0,4800";"5,3984";"6,8087"
"0,4900";"5,5101";"6,9278"
"0,5000";"5,6224";"7,0513"
"0,5100";"5,7348";"7,1723"
"0,5200";"5,8463";"7,2891"
"0,5300";"5,9580";"7,4053"
"0,5400";"6,0705";"7,5235"
"0,5500";"6,1829";"7,6451"
"0,5600";"6,2948";"7,7676"
"0,5700";"6,4063";"7,8929"
"0,5800";"6,5183";"8,0201"
"0,5900";"6,6307";"8,1465"
"0,6000";"6,7424";"8,2713"
"0,6100";"6,8537";"8,3980"
"0,6200";"6,9657";"8,5283"
"0,6240";"7,0107";"8,5808"
"0,6260";"7,0333";"8,6065"
"0,6280";"7,0556";"8,6323"
"0,6380";"7,1355";"8,7395"
"0,6480";"7,1302";"8,7061"
"0,6580";"7,0537";"8,5838"
"0,6680";"6,9251";"8,4182"
"0,6780";"6,7679";"8,2342"
"0,6880";"6,5997";"8,0341"
"0,6980";"6,4340";"7,8083"
"0,7080";"6,2754";"7,5450"
"0,7180";"6,1241";"7,2462"
"0,7280";"5,9815";"6,9415"
"0,7380";"5,8454";"6,6511"
"0,7480";"5,7138";"6,3797"
"0,7580";"5,5865";"6,1284"
"0,7680";"5,4633";"5,8910"
"0,7780";"5,3421";"5,6675"
"0,7880";"5,2224";"5,4604"
"0,7980";"5,1048";"5,2687"
"0,8080";"4,9890";"5,0863"
"0,8180";"4,8737";"4,9121"
"0,8280";"4,7585";"4,7467"
"0,8380";"4,6443";"4,5864"
"0,8480";"4,5310";"4,4306"
"0,8580";"4,4178";"4,2773"
"0,8680";"4,3045";"4,1310"
"0,8780";"4,1916";"3,9899"
"0,8880";"4,0794";"3,8482"
"0,8980";"3,9673";"3,7030"
"0,9080";"3,8545";"3,5568"
"0,9180";"3,7418";"3,4162"
"0,9280";"3,6297";"3,2831"
"0,9380";"3,5179";"3,1500"
"0,9480";"3,4054";"3,0143"
"0,9580";"3,2928";"2,8758"
"0,9680";"3,1811";"2,7397"
"0,9780";"3,0697";"2,6116"
"0,9880";"2,9579";"2,4873"
"0,9980";"2,8451";"2,3597"
"1,0080";"2,7330";"2,2274"
"1,0180";"2,6214";"2,0969"
"1,0280";"2,5096";"1,9720"
"1,0380";"2,3970";"1,8510"
"1,0480";"2,2847";"1,7272"
"1,0580";"2,1734";"1,5983"
"1,0680";"2,0621";"1,4676"
"1,0780";"1,9496";"1,3383"
"1,0880";"1,8369";"1,2100"
"1,0980";"1,7251";"1,0822"
"1,1080";"1,6135";"0,9521"
"1,1180";"1,5008";"0,8212"
"1,1280";"1,3885";"0,6931"
"1,1380";"1,2769";"0,5672"
"1,1480";"1,1654";"0,4424"
"1,1580";"1,0532";"0,3149"
"1,1680";"0,9407";"0,1866"
"1,1780";"0,8291";"0,0614"
"1,1880";"0,7175";"-0,0580"
"1,1980";"0,6053";"-0,1637"
"1,2080";"0,4928";"-0,2574"
"1,2180";"0,3808";"-0,3386"
"1,2280";"0,2692";"-0,4053"
"1,2380";"0,1570";"-0,4513"
"1,2480";"0,0444";"-0,4771"
"1,2520";"-0,0005";"-0,4827"
"1,2540";"-0,0229";"-0,4846"
"1,2560";"-0,0450";"-0,4861"
"1,2660";"-0,1241";"-0,4686"
"1,2760";"-0,1184";"-0,3221"
"1,2860";"-0,0423";"-0,1456"
"1,2960";"0,0858";"-0,0307"
"1,3060";"0,2419";"-0,0179"
"1,3160";"0,4088";"-0,0800"
"1,3260";"0,5749";"-0,1353"
"1,3360";"0,7336";"-0,1221"
"1,3460";"0,8851";"-0,0074"
"1,3560";"1,0290";"0,1948"
"1,3660";"1,1652";"0,4467"
"1,3760";"1,2962";"0,7166"
"1,3860";"1,4240";"0,9843"
"1,3960";"1,5479";"1,2370"
"1,4060";"1,6686";"1,4695"
"1,4160";"1,7880";"1,6836"
"1,4260";"1,9062";"1,8817"
"1,4360";"2,0226";"2,0632"
"1,4460";"2,1374";"2,2321"
"1,4560";"2,2521";"2,3924"
"1,4660";"2,3670";"2,5497"
"1,4760";"2,4807";"2,7052"
"1,4860";"2,5927";"2,8552"
"1,4960";"2,7057";"3,0015"
"1,5060";"2,8195";"3,1442"
"1,5160";"2,9324";"3,2852"
"1,5260";"3,0442";"3,4252"
"1,5360";"3,1565";"3,5692"
"1,5460";"3,2697";"3,7115"
"1,5560";"3,3824";"3,8473"
"1,5660";"3,4940";"3,9807"
"1,5760";"3,6057";"4,1182"
"1,5860";"3,7182";"4,2602"
"1,5960";"3,8310";"4,4002"
"1,6060";"3,9429";"4,5302"
"1,6160";"4,0545";"4,6562"
"1,6260";"4,1669";"4,7854"
"1,6360";"4,2796";"4,9200"
"1,6460";"4,3913";"5,0546"
"1,6560";"4,5028";"5,1852"
"1,6660";"4,6147";"5,3143"
"1,6760";"4,7269";"5,4445"
"1,6860";"4,8387";"5,5769"
"1,6960";"4,9500";"5,7097"
"1,7060";"5,0619";"5,8430"
"1,7160";"5,1746";"5,9765"
"1,7260";"5,2869";"6,1080"
"1,7360";"5,3983";"6,2398"
"1,7460";"5,5101";"6,3761"
"1,7560";"5,6224";"6,5150"
"1,7660";"5,7347";"6,6529"
"1,7760";"5,8462";"6,7870"
"1,7860";"5,9580";"6,9193"
"1,7960";"6,0705";"7,0551"
"1,8060";"6,1830";"7,1928"
"1,8160";"6,2950";"7,3298"
"1,8260";"6,4064";"7,4691"
"1,8360";"6,5184";"7,6102"
"1,8460";"6,6306";"7,7504"
"1,8560";"6,7423";"7,8899"
"1,8660";"6,8536";"8,0297"
"1,8760";"6,9656";"8,1745"
"1,8800";"7,0107";"8,2331"
"1,8820";"7,0332";"8,2620"
"1,8840";"7,0555";"8,2912"
"1,8940";"7,1354";"8,4150"
"1,9040";"7,1300";"8,3965"
"1,9140";"7,0536";"8,2898"
"1,9240";"6,9250";"8,1398"
"1,9340";"6,7678";"7,9680"
"1,9440";"6,5995";"7,7768"
"1,9540";"6,4340";"7,5601"
"1,9640";"6,2754";"7,3022"
"1,9740";"6,1240";"7,0097"
"1,9840";"5,9815";"6,7104"
"1,9940";"5,8455";"6,4232"
"2,0040";"5,7138";"6,1542"
"2,0140";"5,5866";"5,9032"
"2,0240";"5,4634";"5,6673"
"2,0340";"5,3422";"5,4472"
"2,0440";"5,2224";"5,2441"
"2,0540";"5,1048";"5,0572"
"2,0640";"4,9890";"4,8774"
"2,0740";"4,8738";"4,7062"
"2,0840";"4,7586";"4,5408"
"2,0940";"4,6442";"4,3814"
"2,1040";"4,5309";"4,2248"
"2,1140";"4,4179";"4,0714"
"2,1240";"4,3044";"3,9253"
"2,1340";"4,1913";"3,7852"
"2,1440";"4,0792";"3,6449"
"2,1540";"3,9674";"3,5009"
"2,1640";"3,8545";"3,3564"
"2,1740";"3,7417";"3,2192"
"2,1840";"3,6299";"3,0890"
"2,1940";"3,5181";"2,9581"
"2,2040";"3,4054";"2,8246"
"2,2140";"3,2927";"2,6883"
"2,2240";"3,1810";"2,5538"
"2,2340";"3,0698";"2,4268"
"2,2440";"2,9576";"2,3016"
"2,2540";"2,8450";"2,1722"
"2,2640";"2,7329";"2,0393"
"2,2740";"2,6214";"1,9099"
"2,2840";"2,5094";"1,7851"
"2,2940";"2,3968";"1,6656"
"2,3040";"2,2846";"1,5425"
"2,3140";"2,1733";"1,4138"
"2,3240";"2,0615";"1,2818"
"2,3340";"1,9489";"1,1525"
"2,3440";"1,8366";"1,0284"
"2,3540";"1,7249";"0,9057"
"2,3640";"1,6132";"0,7816"
"2,3740";"1,5007";"0,6526"
"2,3840";"1,3885";"0,5219"
"2,3940";"1,2768";"0,3946"
"2,4040";"1,1652";"0,2689"
"2,4140";"1,0531";"0,1439"
"2,4240";"0,9407";"0,0207"
"2,4340";"0,8290";"-0,0918"
"2,4440";"0,7174";"-0,1903"
"2,4540";"0,6053";"-0,2771"
"2,4640";"0,4929";"-0,3507"
"2,4740";"0,3807";"-0,4105"
"2,4840";"0,2690";"-0,4504"
"2,4940";"0,1570";"-0,4739"
"2,5040";"0,0446";"-0,4865"
"2,5080";"-0,0002";"-0,4898"
"2,5100";"-0,0227";"-0,4906"
"2,5120";"-0,0449";"-0,4911"
"2,5220";"-0,1241";"-0,4699"
"2,5320";"-0,1183";"-0,3195"
"2,5420";"-0,0419";"-0,1417"
"2,5520";"0,0865";"-0,0293"
"2,5620";"0,2428";"-0,0213"
"2,5720";"0,4099";"-0,1007"
"2,5820";"0,5759";"-0,1903"
"2,5920";"0,7344";"-0,2145"
"2,6020";"0,8857";"-0,1420"
"2,6120";"1,0294";"0,0223"
"2,6220";"1,1656";"0,2511"
"2,6320";"1,2966";"0,5116"
"2,6420";"1,4242";"0,7791"
"2,6520";"1,5479";"1,0373"
"2,6620";"1,6687";"1,2757"
"2,6720";"1,7880";"1,4945"
"2,6820";"1,9060";"1,6937"
"2,6920";"2,0224";"1,8778"
"2,7020";"2,1374";"2,0484"
"2,7120";"2,2518";"2,2107"
"2,7220";"2,3661";"2,3696"
"2,7320";"2,4801";"2,5285"
"2,7420";"2,5934";"2,6829"
"2,7520";"2,7063";"2,8299"
"2,7620";"2,8195";"2,9706"
"2,7720";"2,9324";"3,1109"
"2,7820";"3,0445";"3,2537"
"2,7920";"3,1565";"3,3978"
"2,8020";"3,2693";"3,5388"
"2,8120";"3,3822";"3,6748"
"2,8220";"3,4941";"3,8098"
"2,8320";"3,6057";"3,9476"
"2,8420";"3,7180";"4,0885"
"2,8520";"3,8307";"4,2275"
"2,8620";"3,9428";"4,3600"
"2,8720";"4,0545";"4,4883"
"2,8820";"4,1668";"4,6216"
"2,8920";"4,2795";"4,7593"
"2,9020";"4,3913";"4,8962"
"2,9120";"4,5026";"5,0284"
"2,9220";"4,6146";"5,1578"
"2,9320";"4,7268";"5,2871"
"2,9420";"4,8386";"5,4189"
"2,9520";"4,9501";"5,5513"
"2,9620";"5,0621";"5,6839"
"2,9720";"5,1746";"5,8173"
"2,9820";"5,2868";"5,9514"
"2,9920";"5,3983";"6,0855"
"3,0020";"5,5100";"6,2250"
"3,0120";"5,6223";"6,3645"
"3,0220";"5,7345";"6,5034"
"3,0320";"5,8462";"6,6381"
"3,0420";"5,9579";"6,7730"
"3,0520";"6,0704";"6,9121"
"3,0620";"6,1829";"7,0522"
"3,0720";"6,2948";"7,1912"
"3,0820";"6,4064";"7,3279"
"3,0920";"6,5184";"7,4679"
"3,1020";"6,6307";"7,6105"
"3,1120";"6,7424";"7,7537"
"3,1220";"6,8538";"7,8980"
"3,1320";"6,9656";"8,0437"
"3,1360";"7,0107";"8,1039"
"3,1380";"7,0332";"8,1336"
"3,1400";"7,0556";"8,1636"
"3,1500";"7,1357";"8,2920"
"3,1600";"7,1303";"8,2777"
"3,1700";"7,0538";"8,1729"
"3,1800";"6,9251";"8,0238"
"3,1900";"6,7677";"7,8556"
"3,2000";"6,5992";"7,6681"
"3,2100";"6,4337";"7,4546"
"3,2200";"6,2750";"7,2006"
"3,2300";"6,1238";"6,9127"
"3,2400";"5,9813";"6,6158"
"3,2500";"5,8454";"6,3264"
"3,2600";"5,7138";"6,0546"
"3,2700";"5,5867";"5,8021"
"3,2800";"5,4635";"5,5686"
"3,2900";"5,3424";"5,3496"
"3,3000";"5,2227";"5,1485"
"3,3100";"5,1050";"4,9622"
"3,3200";"4,9893";"4,7846"
"3,3300";"4,8738";"4,6147"
"3,3400";"4,7583";"4,4522"
"3,3500";"4,6441";"4,2952"
"3,3600";"4,5311";"4,1376"
"3,3700";"4,4179";"3,9795"
"3,3800";"4,3042";"3,8294"
"3,3900";"4,1912";"3,6897"
"3,4000";"4,0793";"3,5521"
"3,4100";"3,9673";"3,4107"
"3,4200";"3,8544";"3,2669"
"3,4300";"3,7417";"3,1291"
"3,4400";"3,6299";"2,9975"
"3,4500";"3,5179";"2,8656"
"3,4600";"3,4052";"2,7314"
"3,4700";"3,2928";"2,5952"
"3,4800";"3,1811";"2,4611"
"3,4900";"3,0696";"2,3340"
"3,5000";"2,9574";"2,2113"
"3,5100";"2,8449";"2,0852"
"3,5200";"2,7329";"1,9554"
"3,5300";"2,6213";"1,8233"
"3,5400";"2,5093";"1,6946"
"3,5500";"2,3969";"1,5736"
"3,5600";"2,2847";"1,4523"
"3,5700";"2,1732";"1,3235"
"3,5800";"2,0612";"1,1946"
"3,5900";"1,9492";"1,0709"
"3,6000";"1,8373";"0,9510"
"3,6100";"1,7254";"0,8261"
"3,6200";"1,6133";"0,6954"
"3,6300";"1,5008";"0,5640"
"3,6400";"1,3882";"0,4350"
"3,6500";"1,2765";"0,3091"
"3,6600";"1,1650";"0,1840"
"3,6700";"1,0529";"0,0613"
"3,6800";"0,9407";"-0,0557"
"3,6900";"0,8287";"-0,1592"
"3,7000";"0,7173";"-0,2497"
"3,7100";"0,6053";"-0,3275"
"3,7200";"0,4928";"-0,3945"
"3,7300";"0,3806";"-0,4426"
"3,7400";"0,2689";"-0,4699"
"3,7500";"0,1570";"-0,4827"
"3,7600";"0,0445";"-0,4875"
"3,7640";"-0,0004";"-0,4892"
"3,7660";"-0,0229";"-0,4895"
"3,7680";"-0,0450";"-0,4893"
"3,7780";"-0,1243";"-0,4672"
"3,7880";"-0,1184";"-0,3182"
"3,7980";"-0,0419";"-0,1430"
"3,8080";"0,0868";"-0,0321"
"3,8180";"0,2433";"-0,0252"
"3,8280";"0,4104";"-0,1057"
"3,8380";"0,5763";"-0,2062"
"3,8480";"0,7348";"-0,2494"
"3,8580";"0,8860";"-0,2022"
"3,8680";"1,0297";"-0,0615"
"3,8780";"1,1656";"0,1514"
"3,8880";"1,2966";"0,4030"
"3,8980";"1,4243";"0,6660"
"3,9080";"1,5481";"0,9249"
"3,9180";"1,6686";"1,1691"
"3,9280";"1,7880";"1,3934"
"3,9380";"1,9061";"1,5945"
"3,9480";"2,0223";"1,7785"
"3,9580";"2,1372";"1,9509"
"3,9680";"2,2523";"2,1172"
"3,9780";"2,3667";"2,2778"
"3,9880";"2,4796";"2,4327"
"3,9980";"2,5927";"2,5871"
"4,0080";"2,7062";"2,7351"
"4,0180";"2,8195";"2,8777"
"4,0280";"2,9321";"3,0208"
"4,0380";"3,0442";"3,1649"
"4,0480";"3,1568";"3,3096"
"4,0580";"3,2695";"3,4489"
"4,0680";"3,3822";"3,5823"
"4,0780";"3,4940";"3,7143"
"4,0880";"3,6058";"3,8519"
"4,0980";"3,7183";"3,9940"
"4,1080";"3,8308";"4,1339"
"4,1180";"3,9428";"4,2664"
"4,1280";"4,0545";"4,3941"
"4,1380";"4,1668";"4,5280"
"4,1480";"4,2794";"4,6689"
"4,1580";"4,3912";"4,8073"
"4,1680";"4,5025";"4,9383"
"4,1780";"4,6144";"5,0643"
"4,1880";"4,7267";"5,1938"
"4,1980";"4,8384";"5,3292"
"4,2080";"4,9498";"5,4671"
"4,2180";"5,0619";"5,6016"
"4,2280";"5,1745";"5,7332"
"4,2380";"5,2868";"5,8661"
"4,2480";"5,3983";"6,0011"
"4,2580";"5,5100";"6,1396"
"4,2680";"5,6223";"6,2790"
"4,2780";"5,7345";"6,4187"
"4,2880";"5,8462";"6,5561"
"4,2980";"5,9580";"6,6907"
"4,3080";"6,0704";"6,8264"
"4,3180";"6,1830";"6,9653"
"4,3280";"6,2950";"7,1064"
"4,3380";"6,4064";"7,2465"
"4,3480";"6,5184";"7,3873"
"4,3580";"6,6308";"7,5293"
"4,3680";"6,7425";"7,6736"
"4,3780";"6,8538";"7,8190"
"4,3880";"6,9656";"7,9684"
"4,3920";"7,0107";"8,0289"
"4,3940";"7,0332";"8,0587"
"4,3960";"7,0555";"8,0887"
"4,4060";"7,1354";"8,2163"
"4,4160";"7,1301";"8,2014"
"4,4260";"7,0535";"8,0973"
"4,4360";"6,9249";"7,9543"
"4,4460";"6,7674";"7,7904"
"4,4560";"6,5991";"7,6048"
"4,4660";"6,4337";"7,3915"
"4,4760";"6,2750";"7,1380"
"4,4860";"6,1238";"6,8474"
"4,4960";"5,9813";"6,5483"
"4,5060";"5,8454";"6,2612"
"4,5160";"5,7138";"5,9917"
"4,5260";"5,5867";"5,7437"
"4,5360";"5,4635";"5,5092"
"4,5460";"5,3422";"5,2876"
"4,5560";"5,2225";"5,0862"
"4,5660";"5,1050";"4,9034"
"4,5760";"4,9890";"4,7292"
"4,5860";"4,8736";"4,5580"
"4,5960";"4,7585";"4,3930"
"4,6060";"4,6443";"4,2340"
"4,6160";"4,5310";"4,0791"
"4,6260";"4,4178";"3,9264"
"4,6360";"4,3042";"3,7788"
"4,6460";"4,1913";"3,6383"
"4,6560";"4,0792";"3,4981"
"4,6660";"3,9671";"3,3545"
"4,6760";"3,8545";"3,2105"
"4,6860";"3,7418";"3,0746"
"4,6960";"3,6299";"2,9444"
"4,7060";"3,5178";"2,8121"
"4,7160";"3,4054";"2,6788"
"4,7260";"3,2928";"2,5436"
"4,7360";"3,1810";"2,4109"
"4,7460";"3,0696";"2,2821"
"4,7560";"2,9576";"2,1566"
"4,7660";"2,8450";"2,0285"
"4,7760";"2,7329";"1,8969"
"4,7860";"2,6212";"1,7639"
"4,7960";"2,5094";"1,6353"
"4,8060";"2,3968";"1,5149"
"4,8160";"2,2846";"1,3967"
"4,8260";"2,1730";"1,2722"
"4,8360";"2,0617";"1,1440"
"4,8460";"1,9495";"1,0191"
"4,8560";"1,8369";"0,8967"
"4,8660";"1,7249";"0,7716"
"4,8760";"1,6131";"0,6431"
"4,8860";"1,5007";"0,5122"
"4,8960";"1,3882";"0,3844"
"4,9060";"1,2765";"0,2572"
"4,9160";"1,1653";"0,1317"
"4,9260";"1,0531";"0,0113"
"4,9360";"0,9405";"-0,0986"
"4,9460";"0,8287";"-0,1957"
"4,9560";"0,7174";"-0,2823"
"4,9660";"0,6053";"-0,3566"
"4,9760";"0,4926";"-0,4146"
"4,9860";"0,3806";"-0,4530"
"4,9960";"0,2689";"-0,4742"
"5,0060";"0,1569";"-0,4835"
"5,0160";"0,0444";"-0,4845"
"5,0200";"-0,0006";"-0,4846"
"5,0220";"-0,0229";"-0,4843"
"5,0240";"-0,0450";"-0,4837"
"5,0340";"-0,1241";"-0,4615"
"5,0440";"-0,1194";"-0,3148"
"5,0540";"-0,0506";"-0,1501"
"5,0640";"0,0692";"-0,0495"
"5,0740";"0,2197";"-0,0400"
"5,0840";"0,3836";"-0,1125"
"5,0940";"0,5488";"-0,2152"
"5,1040";"0,7075";"-0,2695"
"5,1140";"0,8590";"-0,2424"
"5,1240";"1,0037";"-0,1306"
"5,1340";"1,1405";"0,0550"
"5,1440";"1,2719";"0,2898"
"5,1540";"1,4000";"0,5479"
"5,1640";"1,5245";"0,8080"
"5,1740";"1,6452";"1,0563"
"5,1840";"1,7646";"1,2853"
"5,1940";"1,8831";"1,4931"
"5,2040";"1,9997";"1,6832"
"5,2140";"2,1145";"1,8585"
"5,2240";"2,2292";"2,0243"
"5,2340";"2,3442";"2,1832"
"5,2440";"2,4579";"2,3390"
"5,2540";"2,5702";"2,4935"
"5,2640";"2,6830";"2,6444"
"5,2740";"2,7969";"2,7911"
"5,2840";"2,9098";"2,9357"
"5,2940";"3,0217";"3,0803"
"5,3040";"3,1339";"3,2252"
"5,3140";"3,2469";"3,3650"
"5,3240";"3,3597";"3,4982"
"5,3340";"3,4714";"3,6287"
"5,3440";"3,5831";"3,7656"
"5,3540";"3,6956";"3,9075"
"5,3640";"3,8084";"4,0482"
"5,3740";"3,9204";"4,1845"
"5,3840";"4,0321";"4,3172"
"5,3940";"4,1443";"4,4518"
"5,4040";"4,2571";"4,5875"
"5,4140";"4,3690";"4,7196"
"5,4240";"4,4803";"4,8485"
"5,4340";"4,5921";"4,9769"
"5,4440";"4,7044";"5,1091"
"5,4540";"4,8162";"5,2442"
"5,4640";"4,9276";"5,3813"
"5,4740";"5,0393";"5,5164"
"5,4840";"5,1519";"5,6509"
"5,4940";"5,2642";"5,7846"
"5,5040";"5,3759";"5,9187"
"5,5140";"5,4875";"6,0554"
"5,5240";"5,5996";"6,1940"
"5,5340";"5,7120";"6,3323"
"5,5440";"5,8238";"6,4706"
"5,5540";"5,9355";"6,6075"
"5,5640";"6,0477";"6,7464"
"5,5740";"6,1605";"6,8867"
"5,5840";"6,2725";"7,0267"
"5,5940";"6,3840";"7,1648"
"5,6040";"6,4957";"7,3041"
"5,6140";"6,6080";"7,4485"
"5,6240";"6,7201";"7,5945"
"5,6340";"6,8316";"7,7418"
"5,6440";"6,9434";"7,8887"
"5,6500";"7,0108";"7,9777"
"5,6520";"7,0333";"8,0075"
"5,6540";"7,0556";"8,0376"
"5,6640";"7,1355";"8,1663"
"5,6740";"7,1311";"8,1547"
"5,6840";"7,0624";"8,0633"
"5,6940";"6,9427";"7,9329"
"5,7040";"6,7915";"7,7749"
"5,7140";"6,6262";"7,5906"
"5,7240";"6,4613";"7,3774"
"5,7340";"6,3025";"7,1263"
"5,7440";"6,1507";"6,8407"
"5,7540";"6,0073";"6,5479"
"5,7640";"5,8708";"6,2603"
"5,7740";"5,7387";"5,9892"
"5,7840";"5,6109";"5,7401"
"5,7940";"5,4872";"5,5094"
"5,8040";"5,3660";"5,2893"
"5,8140";"5,2460";"5,0832"
"5,8240";"5,1280";"4,8952"
"5,8340";"5,0119";"4,7166"
"5,8440";"4,8966";"4,5473"
"5,8540";"4,7815";"4,3849"
"5,8640";"4,6670";"4,2261"
"5,8740";"4,5535";"4,0704"
"5,8840";"4,4404";"3,9140"
"5,8940";"4,3269";"3,7652"
"5,9040";"4,2136";"3,6237"
"5,9140";"4,1014";"3,4851"
"5,9240";"3,9896";"3,3436"
"5,9340";"3,8771";"3,1980"
"5,9440";"3,7641";"3,0603"
"5,9540";"3,6520";"2,9290"
"5,9640";"3,5405";"2,7998"
"5,9740";"3,4280";"2,6648"
"5,9840";"3,3152";"2,5284"
"5,9940";"3,2032";"2,3938"
"6,0040";"3,0920";"2,2643"
"6,0140";"2,9801";"2,1382"
"6,0240";"2,8675";"2,0110"
"6,0340";"2,7551";"1,8815"
"6,0440";"2,6436";"1,7530"
"6,0540";"2,5318";"1,6268"
"6,0640";"2,4192";"1,5061"
"6,0740";"2,3068";"1,3841"
"6,0840";"2,1956";"1,2568"
"6,0940";"2,0840";"1,1255"
"6,1040";"1,9714";"0,9976"
"6,1140";"1,8588";"0,8763"
"6,1240";"1,7471";"0,7550"
"6,1340";"1,6354";"0,6280"
"6,1440";"1,5230";"0,4985"
"6,1540";"1,4106";"0,3714"
"6,1640";"1,2991";"0,2453"
"6,1740";"1,1876";"0,1175"
"6,1840";"1,0755";"-0,0059"
"6,1940";"0,9630";"-0,1160"
"6,2040";"0,8513";"-0,2078"
"6,2140";"0,7399";"-0,2874"
"6,2240";"0,6277";"-0,3591"
"6,2340";"0,5152";"-0,4155"
"6,2440";"0,4032";"-0,4526"
"6,2540";"0,2914";"-0,4731"
"6,2640";"0,1794";"-0,4839"
"6,2740";"0,0671";"-0,4885"
"6,2800";"-0,0004";"-0,4900"
"6,2820";"-0,0228";"-0,4900"
"6,2840";"-0,0449";"-0,4899"
"6,2940";"-0,1241";"-0,4672"
"6,3040";"-0,1204";"-0,3169"
"6,3140";"-0,0523";"-0,1517"
"6,3240";"0,0680";"-0,0465"
"6,3340";"0,2192";"-0,0336"
"6,3440";"0,3836";"-0,1060"
"6,3540";"0,5491";"-0,2142"
"6,3640";"0,7077";"-0,2820"
"6,3740";"0,8593";"-0,2685"
"6,3840";"1,0038";"-0,1677"
"6,3940";"1,1408";"0,0116"
"6,4040";"1,2722";"0,2439"
"6,4140";"1,4001";"0,4999"
"6,4240";"1,5243";"0,7579"
"6,4340";"1,6453";"1,0060"
"6,4440";"1,7646";"1,2363"
"6,4540";"1,8829";"1,4444"
"6,4640";"1,9996";"1,6336"
"6,4740";"2,1146";"1,8082"
"6,4840";"2,2294";"1,9750"
"6,4940";"2,3440";"2,1359"
"6,5040";"2,4579";"2,2925"
"6,5140";"2,5707";"2,4462"
"6,5240";"2,6829";"2,5964"
"6,5340";"2,7964";"2,7438"
"6,5440";"2,9096";"2,8902"
"6,5540";"3,0219";"3,0329"
"6,5640";"3,1340";"3,1733"
"6,5740";"3,2468";"3,3124"
"6,5840";"3,3596";"3,4468"
"6,5940";"3,4715";"3,5818"
"6,6040";"3,5831";"3,7212"
"6,6140";"3,6955";"3,8640"
"6,6240";"3,8082";"4,0047"
"6,6340";"3,9204";"4,1374"
"6,6440";"4,0321";"4,2681"
"6,6540";"4,1442";"4,4023"
"6,6640";"4,2570";"4,5407"
"6,6740";"4,3690";"4,6779"
"6,6840";"4,4803";"4,8091"
"6,6940";"4,5921";"4,9380"
"6,7040";"4,7043";"5,0695"
"6,7140";"4,8163";"5,2059"
"6,7240";"4,9278";"5,3407"
"6,7340";"5,0394";"5,4734"
"6,7440";"5,1519";"5,6054"
"6,7540";"5,2643";"5,7387"
"6,7640";"5,3759";"5,8751"
"6,7740";"5,4875";"6,0151"
"6,7840";"5,5996";"6,1552"
"6,7940";"5,7121";"6,2917"
"6,8040";"5,8239";"6,4266"
"6,8140";"5,9355";"6,5633"
"6,8240";"6,0479";"6,7041"
"6,8340";"6,1605";"6,8455"
"6,8440";"6,2725";"6,9862"
"6,8540";"6,3840";"7,1262"
"6,8640";"6,4958";"7,2663"
"6,8740";"6,6082";"7,4101"
"6,8840";"6,7202";"7,5550"
"6,8940";"6,8315";"7,7011"
"6,9040";"6,9433";"7,8490"
"6,9100";"7,0108";"7,9381"
"6,9120";"7,0333";"7,9677"
"6,9140";"7,0556";"7,9976"
"6,9240";"7,1355";"8,1265"
"6,9340";"7,1310";"8,1147"
"6,9440";"7,0623";"8,0231"
"6,9540";"6,9425";"7,8942"
"6,9640";"6,7915";"7,7371"
"6,9740";"6,6261";"7,5524"
"6,9840";"6,4613";"7,3392"
"6,9940";"6,3026";"7,0890"
"7,0040";"6,1508";"6,8061"
"7,0140";"6,0073";"6,5137"
"7,0240";"5,8708";"6,2300"
"7,0340";"5,7387";"5,9597"
"7,0440";"5,6108";"5,7095"
"7,0540";"5,4872";"5,4770"
"7,0640";"5,3659";"5,2569"
"7,0740";"5,2459";"5,0541"
"7,0840";"5,1279";"4,8676"
"7,0940";"5,0119";"4,6913"
"7,1040";"4,8966";"4,5202"
"7,1140";"4,7812";"4,3540"
"7,1240";"4,6667";"4,1935"
"7,1340";"4,5534";"4,0368"
"7,1440";"4,4403";"3,8820"
"7,1540";"4,3266";"3,7332"
"7,1640";"4,2135";"3,5925"
"7,1740";"4,1015";"3,4542"
"7,1840";"3,9896";"3,3117"
"7,1940";"3,8768";"3,1675"
"7,2040";"3,7640";"3,0305"
"7,2140";"3,6522";"2,9015"
"7,2240";"3,5405";"2,7714"
"7,2340";"3,4280";"2,6361"
"7,2440";"3,3152";"2,5004"
"7,2540";"3,2034";"2,3681"
"7,2640";"3,0920";"2,2415"
"7,2740";"2,9801";"2,1137"
"7,2840";"2,8675";"1,9818"
"7,2940";"2,7553";"1,8486"
"7,3040";"2,6436";"1,7195"
"7,3140";"2,5318";"1,5963"
"7,3240";"2,4192";"1,4774"
"7,3340";"2,3070";"1,3579"
"7,3440";"2,1955";"1,2316"
"7,3540";"2,0837";"1,1004"
"7,3640";"1,9713";"0,9725"
"7,3740";"1,8589";"0,8499"
"7,3840";"1,7471";"0,7254"
"7,3940";"1,6354";"0,5956"
"7,4040";"1,5232";"0,4664"
"7,4140";"1,4108";"0,3407"
"7,4240";"1,2990";"0,2159"
"7,4340";"1,1874";"0,0903"
"7,4440";"1,0755";"-0,0287"
"7,4540";"0,9631";"-0,1344"
"7,4640";"0,8512";"-0,2256"
"7,4740";"0,7397";"-0,3068"
"7,4840";"0,6277";"-0,3788"
"7,4940";"0,5153";"-0,4302"
"7,5040";"0,4030";"-0,4595"
"7,5140";"0,2914";"-0,4751"
"7,5240";"0,1797";"-0,4829"
"7,5340";"0,0672";"-0,4869"
"7,5400";"-0,0002";"-0,4882"
"7,5420";"-0,0227";"-0,4882"
"7,5440";"-0,0447";"-0,4880"
"7,5540";"-0,1241";"-0,4666"
"7,5640";"-0,1203";"-0,3183"
"7,5740";"-0,0519";"-0,1530"
"7,5840";"0,0682";"-0,0478"
"7,5940";"0,2193";"-0,0338"
"7,6040";"0,3836";"-0,1066"
"7,6140";"0,5491";"-0,2180"
"7,6240";"0,7077";"-0,2911"
"7,6340";"0,8594";"-0,2835"
"7,6440";"1,0039";"-0,1910"
"7,6540";"1,1408";"-0,0212"
"7,6640";"1,2722";"0,2037"
"7,6740";"1,4001";"0,4548"
"7,6840";"1,5245";"0,7120"
"7,6940";"1,6452";"0,9616"
"7,7040";"1,7647";"1,1939"
"7,7140";"1,8830";"1,4024"
"7,7240";"1,9994";"1,5911"
"7,7340";"2,1144";"1,7687"
"7,7440";"2,2295";"1,9408"
"7,7540";"2,3438";"2,1042"
"7,7640";"2,4573";"2,2620"
"7,7740";"2,5704";"2,4170"
"7,7840";"2,6836";"2,5670"
"7,7940";"2,7967";"2,7107"
"7,8040";"2,9096";"2,8524"
"7,8140";"3,0217";"2,9949"
"7,8240";"3,1341";"3,1393"
"7,8340";"3,2468";"3,2814"
"7,8440";"3,3595";"3,4175"
"7,8540";"3,4714";"3,5516"
"7,8640";"3,5833";"3,6900"
"7,8740";"3,6956";"3,8310"
"7,8840";"3,8084";"3,9703"
"7,8940";"3,9204";"4,1040"
"7,9040";"4,0322";"4,2337"
"7,9140";"4,1443";"4,3668"
"7,9240";"4,2571";"4,5064"
"7,9340";"4,3691";"4,6454"
"7,9440";"4,4804";"4,7773"
"7,9540";"4,5922";"4,9062"
"7,9640";"4,7044";"5,0367"
"7,9740";"4,8162";"5,1716"
"7,9840";"4,9276";"5,3075"
"7,9940";"5,0393";"5,4401"
"8,0040";"5,1518";"5,5714"
"8,0140";"5,2642";"5,7043"
"8,0240";"5,3758";"5,8401"
"8,0340";"5,4873";"5,9800"
"8,0440";"5,5996";"6,1211"
"8,0540";"5,7121";"6,2602"
"8,0640";"5,8238";"6,3985"
"8,0740";"5,9355";"6,5344"
"8,0840";"6,0477";"6,6716"
"8,0940";"6,1605";"6,8114"
"8,1040";"6,2725";"6,9519"
"8,1140";"6,3840";"7,0919"
"8,1240";"6,4959";"7,2340"
"8,1340";"6,6083";"7,3787"
"8,1440";"6,7203";"7,5231"
"8,1540";"6,8315";"7,6672"
"8,1640";"6,9433";"7,8144"
"8,1700";"7,0107";"7,9048"
"8,1720";"7,0332";"7,9349"
"8,1740";"7,0555";"7,9653"
"8,1840";"7,1354";"8,0956"
"8,1940";"7,1320";"8,0836"
"8,2040";"7,0640";"7,9940"
"8,2140";"6,9439";"7,8646"
"8,2240";"6,7921";"7,7088"
"8,2340";"6,6263";"7,5278"
"8,2440";"6,4611";"7,3149"
"8,2540";"6,3024";"7,0639"
"8,2640";"6,1505";"6,7806"
"8,2740";"6,0071";"6,4882"
"8,2840";"5,8707";"6,2042"
"8,2940";"5,7386";"5,9314"
"8,3040";"5,6107";"5,6814"
"8,3140";"5,4872";"5,4516"
"8,3240";"5,3659";"5,2336"
"8,3340";"5,2459";"5,0301"
"8,3440";"5,1281";"4,8422"
"8,3540";"5,0120";"4,6650"
"8,3640";"4,8966";"4,4938"
"8,3740";"4,7811";"4,3286"
"8,3840";"4,6670";"4,1700"
"8,3940";"4,5535";"4,0147"
"8,4040";"4,4403";"3,8593"
"8,4140";"4,3266";"3,7098"
"8,4240";"4,2136";"3,5691"
"8,4340";"4,1016";"3,4311"
"8,4440";"3,9896";"3,2876"
"8,4540";"3,8768";"3,1427"
"8,4640";"3,7642";"3,0049"
"8,4740";"3,6522";"2,8746"
"8,4840";"3,5404";"2,7434"
"8,4940";"3,4279";"2,6098"
"8,5040";"3,3152";"2,4748"
"8,5140";"3,2033";"2,3434"
"8,5240";"3,0918";"2,2155"
"8,5340";"2,9800";"2,0904"
"8,5440";"2,8675";"1,9622"
"8,5540";"2,7552";"1,8308"
"8,5640";"2,6435";"1,6986"
"8,5740";"2,5317";"1,5727"
"8,5840";"2,4193";"1,4524"
"8,5940";"2,3069";"1,3310"
"8,6040";"2,1952";"1,2034"
"8,6140";"2,0837";"1,0746"
"8,6240";"1,9719";"0,9495"
"8,6340";"1,8595";"0,8265"
"8,6440";"1,7475";"0,7006"
"8,6540";"1,6354";"0,5708"
"8,6640";"1,5232";"0,4407"
"8,6740";"1,4104";"0,3141"
"8,6840";"1,2986";"0,1897"
"8,6940";"1,1873";"0,0654"
"8,7040";"1,0754";"-0,0498"
"8,7140";"0,9630";"-0,1518"
"8,7240";"0,8511";"-0,2409"
"8,7340";"0,7397";"-0,3202"
"8,7440";"0,6277";"-0,3887"
"8,7540";"0,5151";"-0,4363"
"8,7640";"0,4029";"-0,4651"
"8,7740";"0,2915";"-0,4797"
"8,7840";"0,1796";"-0,4853"
"8,7940";"0,0669";"-0,4865"
"8,8000";"-0,0005";"-0,4867"
"8,8020";"-0,0228";"-0,4865"
"8,8040";"-0,0450";"-0,4861"
"8,8140";"-0,1240";"-0,4639"
"8,8240";"-0,1203";"-0,3154"
"8,8340";"-0,0521";"-0,1521"
"8,8440";"0,0682";"-0,0479"
"8,8540";"0,2195";"-0,0354"
"8,8640";"0,3837";"-0,1076"
"8,8740";"0,5492";"-0,2184"
"8,8840";"0,7079";"-0,2961"
"8,8940";"0,8593";"-0,2935"
"8,9040";"1,0041";"-0,2088"
"8,9140";"1,1408";"-0,0478"
"8,9240";"1,2722";"0,1729"
"8,9340";"1,4001";"0,4252"
"8,9440";"1,5245";"0,6836"
"8,9540";"1,6453";"0,9321"
"8,9640";"1,7647";"1,1628"
"8,9740";"1,8831";"1,3705"
"8,9840";"1,9996";"1,5619"
"8,9940";"2,1146";"1,7392"
"9,0040";"2,2292";"1,9097"
"9,0140";"2,3442";"2,0725"
"9,0240";"2,4577";"2,2306"
"9,0340";"2,5700";"2,3857"
"9,0440";"2,6832";"2,5364"
"9,0540";"2,7970";"2,6831"
"9,0640";"2,9097";"2,8264"
"9,0740";"3,0216";"2,9696"
"9,0840";"3,1338";"3,1135"
"9,0940";"3,2469";"3,2543"
"9,1040";"3,3595";"3,3886"
"9,1140";"3,4714";"3,5225"
"9,1240";"3,5831";"3,6615"
"9,1340";"3,6956";"3,8036"
"9,1440";"3,8082";"3,9430"
"9,1540";"3,9204";"4,0787"
"9,1640";"4,0321";"4,2091"
"9,1740";"4,1443";"4,3431"
"9,1840";"4,2571";"4,4801"
"9,1940";"4,3690";"4,6161"
"9,2040";"4,4803";"4,7474"
"9,2140";"4,5921";"4,8753"
"9,2240";"4,7043";"5,0064"
"9,2340";"4,8162";"5,1419"
"9,2440";"4,9275";"5,2787"
"9,2540";"5,0393";"5,4111"
"9,2640";"5,1519";"5,5419"
"9,2740";"5,2642";"5,6775"
"9,2840";"5,3759";"5,8150"
"9,2940";"5,4875";"5,9535"
"9,3040";"5,5997";"6,0914"
"9,3140";"5,7121";"6,2295"
"9,3240";"5,8239";"6,3687"
"9,3340";"5,9355";"6,5061"
"9,3440";"6,0479";"6,6432"
"9,3540";"6,1605";"6,7829"
"9,3640";"6,2724";"6,9235"
"9,3740";"6,3839";"7,0635"
"9,3840";"6,4959";"7,2061"
"9,3940";"6,6083";"7,3520"
"9,4040";"6,7202";"7,4978"
"9,4140";"6,8315";"7,6421"
"9,4240";"6,9433";"7,7895"
"9,4300";"7,0107";"7,8799"
"9,4320";"7,0332";"7,9098"
"9,4340";"7,0555";"7,9399"
"9,4440";"7,1354";"8,0697"
"9,4540";"7,1302";"8,0572"
"9,4640";"7,0604";"7,9617"
"9,4740";"6,9410";"7,8349"
"9,4840";"6,7903";"7,6821"
"9,4940";"6,6255";"7,5026"
"9,5040";"6,4609";"7,2904"
"9,5140";"6,3025";"7,0399"
"9,5240";"6,1507";"6,7571"
"9,5340";"6,0073";"6,4665"
"9,5440";"5,8708";"6,1839"
"9,5540";"5,7387";"5,9141"
"9,5640";"5,6108";"5,6644"
"9,5740";"5,4872";"5,4320"
"9,5840";"5,3660";"5,2120"
"9,5940";"5,2462";"5,0065"
"9,6040";"5,1280";"4,8167"
"9,6140";"5,0119";"4,6390"
"9,6240";"4,8965";"4,4701"
"9,6340";"4,7814";"4,3084"
"9,6440";"4,6669";"4,1495"
"9,6540";"4,5534";"3,9923"
"9,6640";"4,4403";"3,8376"
"9,6740";"4,3270";"3,6905"
"9,6840";"4,2138";"3,5514"
"9,6940";"4,1015";"3,4135"
"9,7040";"3,9896";"3,2715"
"9,7140";"3,8771";"3,1265"
"9,7240";"3,7641";"2,9900"
"9,7340";"3,6520";"2,8605"
"9,7440";"3,5404";"2,7294"
"9,7540";"3,4280";"2,5934"
"9,7640";"3,3152";"2,4554"
"9,7740";"3,2032";"2,3209"
"9,7840";"3,0919";"2,1934"
"9,7940";"2,9801";"2,0684"
"9,8040";"2,8675";"1,9411"
"9,8140";"2,7551";"1,8100"
"9,8240";"2,6435";"1,6797"
"9,8340";"2,5318";"1,5523"
"9,8440";"2,4192";"1,4307"
"9,8540";"2,3068";"1,3093"
"9,8640";"2,1954";"1,1826"
"9,8740";"2,0840";"1,0550"
"9,8840";"1,9714";"0,9274"
"9,8940";"1,8588";"0,8044"
"9,9040";"1,7472";"0,6802"
"9,9140";"1,6354";"0,5535"
"9,9240";"1,5230";"0,4244"
"9,9340";"1,4105";"0,2979"
"9,9440";"1,2990";"0,1707"
"9,9540";"1,1874";"0,0456"
"9,9640";"1,0754";"-0,0693"
"9,9740";"0,9630";"-0,1684"
"9,9840";"0,8512";"-0,2529"
"9,9940";"0,7397";"-0,3289"
"10,0040";"0,6276";"-0,3961"
"10,0140";"0,5151";"-0,4408"
"10,0240";"0,4030";"-0,4673"
"10,0340";"0,2914";"-0,4806"
"10,0440";"0,1794";"-0,4872"
"10,0540";"0,0669";"-0,4892"
"10,0600";"-0,0004";"-0,4883"
"10,0620";"-0,0227";"-0,4875"
"10,0640";"-0,0449";"-0,4864"
"10,0740";"-0,1241";"-0,4629"
"10,0840";"-0,1205";"-0,3161"
"10,0940";"-0,0523";"-0,1541"
"10,1040";"0,0682";"-0,0501"
"10,1140";"0,2195";"-0,0378"
"10,1240";"0,3839";"-0,1119"
"10,1340";"0,5494";"-0,2240"
"10,1440";"0,7081";"-0,3038"
"10,1540";"0,8597";"-0,3050"
"10,1640";"1,0042";"-0,2236"
"10,1740";"1,1410";"-0,0654"
"10,1840";"1,2723";"0,1505"
"10,1940";"1,4001";"0,3994"
"10,2040";"1,5245";"0,6566"
"10,2140";"1,6453";"0,9031"
"10,2240";"1,7647";"1,1327"
"10,2340";"1,8830";"1,3423"
"10,2440";"1,9996";"1,5351"
"10,2540";"2,1146";"1,7140"
"10,2640";"2,2294";"1,8844"
"10,2740";"2,3440";"2,0473"
"10,2840";"2,4579";"2,2054"
"10,2940";"2,5704";"2,3610"
"10,3040";"2,6828";"2,5122"
"10,3140";"2,7964";"2,6601"
"10,3240";"2,9096";"2,8033"
"10,3340";"3,0217";"2,9449"
"10,3440";"3,1339";"3,0903"
"10,3540";"3,2468";"3,2330"
"10,3640";"3,3597";"3,3679"
"10,3740";"3,4715";"3,4997"
"10,3840";"3,5831";"3,6359"
"10,3940";"3,6954";"3,7769"
"10,4040";"3,8082";"3,9171"
"10,4140";"3,9205";"4,0517"
"10,4240";"4,0321";"4,1828"
"10,4340";"4,1442";"4,3173"
"10,4440";"4,2571";"4,4568"
"10,4540";"4,3690";"4,5945"
"10,4640";"4,4803";"4,7279"
"10,4740";"4,5921";"4,8564"
"10,4840";"4,7044";"4,9853"
"10,4940";"4,8163";"5,1189"
"10,5040";"4,9276";"5,2549"
"10,5140";"5,0394";"5,3895"
"10,5240";"5,1519";"5,5220"
"10,5340";"5,2642";"5,6568"
"10,5440";"5,3759";"5,7945"
"10,5540";"5,4875";"5,9327"
"10,5640";"5,5996";"6,0712"
"10,5740";"5,7121";"6,2084"
"10,5840";"5,8239";"6,3473"
"10,5940";"5,9355";"6,4856"
"10,6040";"6,0479";"6,6252"
"10,6140";"6,1605";"6,7662"
"10,6240";"6,2725";"6,9062"
"10,6340";"6,3840";"7,0452"
"10,6440";"6,4959";"7,1859"
"10,6540";"6,6083";"7,3309"
"10,6640";"6,7202";"7,4771"
"10,6740";"6,8314";"7,6231"
"10,6840";"6,9432";"7,7704"
"10,6900";"7,0106";"7,8597"
"10,6920";"7,0332";"7,8896"
"10,6940";"7,0555";"7,9199"
"10,7040";"7,1354";"8,0511"
"10,7140";"7,1310";"8,0400"
"10,7240";"7,0622";"7,9482"
"10,7340";"6,9425";"7,8188"
"10,7440";"6,7911";"7,6622"
"10,7540";"6,6259";"7,4826"
"10,7640";"6,4608";"7,2722"
"10,7740";"6,3024";"7,0227"
"10,7840";"6,1506";"6,7403"
"10,7940";"6,0071";"6,4489"
"10,8040";"5,8707";"6,1650"
"10,8140";"5,7386";"5,8959"
"10,8240";"5,6107";"5,6463"
"10,8340";"5,4872";"5,4137"
"10,8440";"5,3659";"5,1949"
"10,8540";"5,2460";"4,9929"
"10,8640";"5,1280";"4,8071"
"10,8740";"5,0119";"4,6300"
"10,8840";"4,8966";"4,4574"
"10,8940";"4,7812";"4,2908"
"10,9040";"4,6667";"4,1321"
"10,9140";"4,5534";"3,9764"
"10,9240";"4,4403";"3,8227"
"10,9340";"4,3267";"3,6731"
"10,9440";"4,2135";"3,5337"
"10,9540";"4,1014";"3,3964"
"10,9640";"3,9895";"3,2534"
"10,9740";"3,8768";"3,1082"
"10,9840";"3,7640";"2,9706"
"10,9940";"3,6520";"2,8411"
"11,0040";"3,5404";"2,7109"
"11,0140";"3,4279";"2,5751"
"11,0240";"3,3152";"2,4394"
"11,0340";"3,2033";"2,3071"
"11,0440";"3,0920";"2,1809"
"11,0540";"2,9801";"2,0537"
"11,0640";"2,8675";"1,9231"
"11,0740";"2,7552";"1,7910"
"11,0840";"2,6436";"1,6608"
"11,0940";"2,5317";"1,5353"
"11,1040";"2,4192";"1,4150"
"11,1140";"2,3070";"1,2947"
"11,1240";"2,1955";"1,1680"
"11,1340";"2,0838";"1,0375"
"11,1440";"1,9713";"0,9106"
"11,1540";"1,8588";"0,7888"
"11,1640";"1,7470";"0,6654"
"11,1740";"1,6354";"0,5373"
"11,1840";"1,5232";"0,4082"
"11,1940";"1,4106";"0,2810"
"11,2040";"1,2990";"0,1553"
"11,2140";"1,1874";"0,0308"
"11,2240";"1,0754";"-0,0839"
"11,2340";"0,9631";"-0,1818"
"11,2440";"0,8512";"-0,2655"
"11,2540";"0,7399";"-0,3388"
"11,2640";"0,6278";"-0,4027"
"11,2740";"0,5152";"-0,4447"
"11,2840";"0,4030";"-0,4694"
"11,2940";"0,2914";"-0,4825"
"11,3040";"0,1796";"-0,4875"
"11,3140";"0,0671";"-0,4878"
"11,3200";"-0,0004";"-0,4860"
"11,3220";"-0,0227";"-0,4853"
"11,3240";"-0,0449";"-0,4846"
"11,3340";"-0,1241";"-0,4632"
"11,3440";"-0,1205";"-0,3176"
"11,3540";"-0,0523";"-0,1553"
"11,3640";"0,0682";"-0,0494"
"11,3740";"0,2197";"-0,0358"
"11,3840";"0,3840";"-0,1100"
"11,3940";"0,5495";"-0,2246"
"11,4040";"0,7082";"-0,3092"
"11,4140";"0,8598";"-0,3150"
"11,4240";"1,0043";"-0,2392"
"11,4340";"1,1410";"-0,0876"
"11,4440";"1,2724";"0,1240"
"11,4540";"1,4003";"0,3705"
"11,4640";"1,5245";"0,6293"
"11,4740";"1,6453";"0,8808"
"11,4840";"1,7647";"1,1138"
"11,4940";"1,8830";"1,3244"
"11,5040";"1,9995";"1,5157"
"11,5140";"2,1146";"1,6959"
"11,5240";"2,2294";"1,8659"
"11,5340";"2,3434";"2,0262"
"11,5440";"2,4573";"2,1833"
"11,5540";"2,5705";"2,3389"
"11,5640";"2,6836";"2,4905"
"11,5740";"2,7967";"2,6357"
"11,5840";"2,9097";"2,7792"
"11,5940";"3,0220";"2,9237"
"11,6040";"3,1341";"3,0704"
"11,6140";"3,2468";"3,2126"
"11,6240";"3,3596";"3,3480"
"11,6340";"3,4715";"3,4810"
"11,6440";"3,5832";"3,6194"
"11,6540";"3,6955";"3,7613"
"11,6640";"3,8081";"3,9020"
"11,6740";"3,9204";"4,0354"
"11,6840";"4,0321";"4,1667"
"11,6940";"4,1442";"4,3009"
"11,7040";"4,2571";"4,4395"
"11,7140";"4,3691";"4,5751"
"11,7240";"4,4804";"4,7052"
"11,7340";"4,5921";"4,8328"
"11,7440";"4,7043";"4,9633"
"11,7540";"4,8162";"5,1006"
"11,7640";"4,9275";"5,2397"
"11,7740";"5,0392";"5,3752"
"11,7840";"5,1518";"5,5070"
"11,7940";"5,2641";"5,6393"
"11,8040";"5,3758";"5,7751"
"11,8140";"5,4873";"5,9139"
"11,8240";"5,5996";"6,0532"
"11,8340";"5,7121";"6,1910"
"11,8440";"5,8238";"6,3291"
"11,8540";"5,9355";"6,4671"
"11,8640";"6,0477";"6,6060"
"11,8740";"6,1605";"6,7478"
"11,8840";"6,2725";"6,8890"
"11,8940";"6,3840";"7,0282"
"11,9040";"6,4960";"7,1677"
"11,9140";"6,6084";"7,3120"
"11,9240";"6,7202";"7,4587"
"11,9340";"6,8315";"7,6056"
"11,9440";"6,9432";"7,7541"
"11,9500";"7,0107";"7,8448"
"11,9520";"7,0332";"7,8749"
"11,9540";"7,0555";"7,9053"
"11,9640";"7,1354";"8,0363"
"11,9740";"7,1310";"8,0254"
"11,9840";"7,0622";"7,9348"
"11,9940";"6,9424";"7,8062"
"12,0040";"6,7910";"7,6488"
"12,0140";"6,6259";"7,4661"
"12,0240";"6,4608";"7,2553"
"12,0340";"6,3023";"7,0065"
"12,0440";"6,1506";"6,7262"
"12,0540";"6,0070";"6,4375"
"12,0640";"5,8705";"6,1539"
"12,0740";"5,7386";"5,8851"
"12,0840";"5,6107";"5,6339"
"12,0940";"5,4871";"5,4011"
"12,1040";"5,3657";"5,1810"
"12,1140";"5,2459";"4,9776"
"12,1240";"5,1280";"4,7905"
"12,1340";"5,0120";"4,6127"
"12,1440";"4,8966";"4,4415"
"12,1540";"4,7812";"4,2767"
"12,1640";"4,6670";"4,1196"
"12,1740";"4,5536";"3,9642"
"12,1840";"4,4404";"3,8088"
"12,1940";"4,3269";"3,6597"
"12,2040";"4,2138";"3,5202"
"12,2140";"4,1016";"3,3838"
"12,2240";"3,9897";"3,2412"
"12,2340";"3,8769";"3,0959"
"12,2440";"3,7641";"2,9592"
"12,2540";"3,6520";"2,8299"
"12,2640";"3,5404";"2,6990"
"12,2740";"3,4279";"2,5626"
"12,2840";"3,3152";"2,4255"
"12,2940";"3,2032";"2,2908"
"12,3040";"3,0919";"2,1632"
"12,3140";"2,9800";"2,0372"
"12,3240";"2,8675";"1,9082"
"12,3340";"2,7552";"1,7777"
"12,3440";"2,6435";"1,6492"
"12,3540";"2,5316";"1,5230"
"12,3640";"2,4192";"1,4017"
"12,3740";"2,3069";"1,2795"
"12,3840";"2,1952";"1,1529"
"12,3940";"2,0836";"1,0232"
"12,4040";"1,9716";"0,8946"
"12,4140";"1,8594";"0,7716"
"12,4240";"1,7473";"0,6483"
"12,4340";"1,6355";"0,5205"
"12,4440";"1,5232";"0,3920"
"12,4540";"1,4105";"0,2656"
"12,4640";"1,2987";"0,1399"
"12,4740";"1,1872";"0,0163"
"12,4840";"1,0752";"-0,0965"
"12,4940";"0,9629";"-0,1948"
"12,5040";"0,8511";"-0,2789"
"12,5140";"0,7396";"-0,3536"
"12,5240";"0,6277";"-0,4139"
"12,5340";"0,5152";"-0,4510"
"12,5440";"0,4029";"-0,4707"
"12,5540";"0,2915";"-0,4798"
"12,5640";"0,1797";"-0,4822"
"12,5740";"0,0672";"-0,4823"
"12,5800";"-0,0004";"-0,4826"
"12,5820";"-0,0227";"-0,4828"
"12,5840";"-0,0449";"-0,4828"
"12,5940";"-0,1240";"-0,4637"
"12,6040";"-0,1202";"-0,3185"
"12,6140";"-0,0519";"-0,1557"
"12,6240";"0,0684";"-0,0493"
"12,6340";"0,2196";"-0,0348"
"12,6440";"0,3840";"-0,1069"
"12,6540";"0,5495";"-0,2210"
"12,6640";"0,7081";"-0,3100"
"12,6740";"0,8597";"-0,3217"
"12,6840";"1,0042";"-0,2513"
"12,6940";"1,1409";"-0,1036"
"12,7040";"1,2723";"0,1056"
"12,7140";"1,4003";"0,3504"
"12,7240";"1,5245";"0,6071"
"12,7340";"1,6453";"0,8589"
"12,7440";"1,7647";"1,0947"
"12,7540";"1,8831";"1,3062"
"12,7640";"1,9995";"1,4987"
"12,7740";"2,1144";"1,6750"
"12,7840";"2,2292";"1,8436"
"12,7940";"2,3441";"2,0058"
"12,8040";"2,4572";"2,1649"
"12,8140";"2,5700";"2,3236"
"12,8240";"2,6832";"2,4780"
"12,8340";"2,7969";"2,6236"
"12,8440";"2,9096";"2,7650"
"12,8540";"3,0216";"2,9077"
"12,8640";"3,1339";"3,0510"
"12,8740";"3,2469";"3,1924"
"12,8840";"3,3595";"3,3295"
"12,8940";"3,4714";"3,4647"
"12,9040";"3,5831";"3,6023"
"12,9140";"3,6956";"3,7434"
"12,9240";"3,8082";"3,8833"
"12,9340";"3,9205";"4,0183"
"12,9440";"4,0321";"4,1482"
"12,9540";"4,1443";"4,2822"
"12,9640";"4,2571";"4,4190"
"12,9740";"4,3690";"4,5555"
"12,9840";"4,4804";"4,6883"
"12,9940";"4,5921";"4,8174"
"13,0040";"4,7044";"4,9476"
"13,0140";"4,8162";"5,0826"
"13,0240";"4,9276";"5,2208"
"13,0340";"5,0393";"5,3554"
"13,0440";"5,1518";"5,4872"
"13,0540";"5,2642";"5,6215"
"13,0640";"5,3759";"5,7582"
"13,0740";"5,4875";"5,8984"
"13,0840";"5,5997";"6,0388"
"13,0940";"5,7121";"6,1771"
"13,1040";"5,8239";"6,3151"
"13,1140";"5,9355";"6,4529"
"13,1240";"6,0479";"6,5921"
"13,1340";"6,1605";"6,7312"
"13,1440";"6,2725";"6,8715"
"13,1540";"6,3840";"7,0123"
"13,1640";"6,4959";"7,1560"
"13,1740";"6,6083";"7,3010"
"13,1840";"6,7201";"7,4459"
"13,1940";"6,8314";"7,5908"
"13,2040";"6,9432";"7,7379"
"13,2100";"7,0106";"7,8287"
"13,2120";"7,0332";"7,8590"
"13,2140";"7,0555";"7,8896"
"13,2240";"7,1354";"8,0215"
"13,2340";"7,1321";"8,0120"
"13,2440";"7,0639";"7,9242"
"13,2540";"6,9437";"7,7949"
"13,2640";"6,7919";"7,6379"
"13,2740";"6,6261";"7,4554"
"13,2840";"6,4609";"7,2444"
"13,2940";"6,3022";"6,9960"
"13,3040";"6,1503";"6,7146"
"13,3140";"6,0069";"6,4260"
"13,3240";"5,8704";"6,1437"
"13,3340";"5,7384";"5,8740"
"13,3440";"5,6106";"5,6243"
"13,3540";"5,4870";"5,3916"
"13,3640";"5,3657";"5,1702"
"13,3740";"5,2459";"4,9644"
"13,3840";"5,1281";"4,7748"
"13,3940";"5,0119";"4,5978"
"13,4040";"4,8966";"4,4298"
"13,4140";"4,7814";"4,2685"
"13,4240";"4,6669";"4,1120"
"13,4340";"4,5534";"3,9565"
"13,4440";"4,4403";"3,8003"
"13,4540";"4,3269";"3,6497"
"13,4640";"4,2138";"3,5071"
"13,4740";"4,1015";"3,3674"
"13,4840";"3,9896";"3,2248"
"13,4940";"3,8769";"3,0810"
"13,5040";"3,7641";"2,9450"
"13,5140";"3,6520";"2,8181"
"13,5240";"3,5402";"2,6891"
"13,5340";"3,4280";"2,5535"
"13,5440";"3,3152";"2,4145"
"13,5540";"3,2032";"2,2800"
"13,5640";"3,0919";"2,1516"
"13,5740";"2,9802";"2,0248"
"13,5840";"2,8675";"1,8954"
"13,5940";"2,7552";"1,7641"
"13,6040";"2,6435";"1,6343"
"13,6140";"2,5317";"1,5067"
"13,6240";"2,4192";"1,3868"
"13,6340";"2,3069";"1,2669"
"13,6440";"2,1954";"1,1407"
"13,6540";"2,0842";"1,0110"
"13,6640";"1,9718";"0,8845"
"13,6740";"1,8590";"0,7620"
"13,6840";"1,7471";"0,6376"
"13,6940";"1,6353";"0,5101"
"13,7040";"1,5230";"0,3798"
"13,7140";"1,4105";"0,2524"
"13,7240";"1,2987";"0,1263"
"13,7340";"1,1874";"0,0036"
"13,7440";"1,0754";"-0,1061"
"13,7540";"0,9630";"-0,1997"
"13,7640";"0,8512";"-0,2788"
"13,7740";"0,7399";"-0,3510"
"13,7840";"0,6277";"-0,4123"
"13,7940";"0,5151";"-0,4528"
"13,8040";"0,4030";"-0,4748"
"13,8140";"0,2915";"-0,4832"
"13,8240";"0,1796";"-0,4857"
"13,8340";"0,0671";"-0,4855"
"13,8400";"-0,0004";"-0,4846"
"13,8420";"-0,0228";"-0,4843"
"13,8440";"-0,0449";"-0,4839"
"13,8540";"-0,1240";"-0,4619"
"13,8640";"-0,1203";"-0,3142"
"13,8740";"-0,0522";"-0,1525"
"13,8840";"0,0682";"-0,0495"
"13,8940";"0,2196";"-0,0376"
"13,9040";"0,3840";"-0,1110"
"13,9140";"0,5495";"-0,2258"
"13,9240";"0,7081";"-0,3167"
"13,9340";"0,8597";"-0,3316"
"13,9440";"1,0042";"-0,2630"
"13,9540";"1,1410";"-0,1156"
"13,9640";"1,2724";"0,0927"
"13,9740";"1,4003";"0,3355"
"13,9840";"1,5245";"0,5908"
"13,9940";"1,6453";"0,8400"
"14,0040";"1,7647";"1,0745"
"14,0140";"1,8830";"1,2864"
"14,0240";"1,9997";"1,4802"
"14,0340";"2,1146";"1,6604"
"14,0440";"2,2294";"1,8316"
"14,0540";"2,3441";"1,9955"
"14,0640";"2,4580";"2,1549"
"14,0740";"2,5702";"2,3107"
"14,0840";"2,6828";"2,4619"
"14,0940";"2,7965";"2,6083"
"14,1040";"2,9097";"2,7497"
"14,1140";"3,0217";"2,8912"
"14,1240";"3,1338";"3,0356"
"14,1340";"3,2468";"3,1778"
"14,1440";"3,3597";"3,3159"
"14,1540";"3,4714";"3,4508"
"14,1640";"3,5830";"3,5879"
"14,1740";"3,6955";"3,7306"
"14,1840";"3,8084";"3,8709"
"14,1940";"3,9204";"4,0055"
"14,2040";"4,0321";"4,1342"
"14,2140";"4,1443";"4,2667"
"14,2240";"4,2571";"4,4050"
"14,2340";"4,3690";"4,5433"
"14,2440";"4,4803";"4,6773"
"14,2540";"4,5921";"4,8058"
"14,2640";"4,7044";"4,9363"
"14,2740";"4,8163";"5,0716"
"14,2840";"4,9276";"5,2067"
"14,2940";"5,0394";"5,3398"
"14,3040";"5,1519";"5,4711"
"14,3140";"5,2642";"5,6055"
"14,3240";"5,3759";"5,7434"
"14,3340";"5,4875";"5,8847"
"14,3440";"5,5996";"6,0255"
"14,3540";"5,7121";"6,1642"
"14,3640";"5,8238";"6,3031"
"14,3740";"5,9355";"6,4403"
"14,3840";"6,0477";"6,5779"
"14,3940";"6,1605";"6,7155"
"14,4040";"6,2725";"6,8542"
"14,4140";"6,3840";"6,9956"
"14,4240";"6,4959";"7,1397"
"14,4340";"6,6083";"7,2848"
"14,4440";"6,7201";"7,4302"
"14,4540";"6,8314";"7,5778"
"14,4640";"6,9432";"7,7272"
"14,4700";"7,0106";"7,8185"
"14,4720";"7,0332";"7,8487"
"14,4740";"7,0554";"7,8790"
"14,4840";"7,1353";"8,0082"
"14,4940";"7,1320";"7,9959"
"14,5040";"7,0640";"7,9078"
"14,5140";"6,9438";"7,7792"
"14,5240";"6,7919";"7,6248"
"14,5340";"6,6261";"7,4449"
"14,5440";"6,4608";"7,2329"
"14,5540";"6,3020";"6,9837"
"14,5640";"6,1502";"6,7025"
"14,5740";"6,0069";"6,4137"
"14,5840";"5,8704";"6,1298"
"14,5940";"5,7384";"5,8583"
"14,6040";"5,6107";"5,6081"
"14,6140";"5,4871";"5,3750"
"14,6240";"5,3657";"5,1558"
"14,6340";"5,2459";"4,9531"
"14,6440";"5,1280";"4,7666"
"14,6540";"5,0119";"4,5902"
"14,6640";"4,8967";"4,4231"
"14,6740";"4,7815";"4,2608"
"14,6840";"4,6669";"4,1017"
"14,6940";"4,5535";"3,9447"
"14,7040";"4,4405";"3,7876"
"14,7140";"4,3269";"3,6372"
"14,7240";"4,2136";"3,4956"
"14,7340";"4,1014";"3,3579"
"14,7440";"3,9896";"3,2171"
"14,7540";"3,8769";"3,0722"
"14,7640";"3,7640";"2,9354"
"14,7740";"3,6519";"2,8074"
"14,7840";"3,5404";"2,6767"
"14,7940";"3,4280";"2,5387"
"14,8040";"3,3151";"2,4008"
"14,8140";"3,2032";"2,2697"
"14,8240";"3,0919";"2,1438"
"14,8340";"2,9800";"2,0184"
"14,8440";"2,8673";"1,8887"
"14,8540";"2,7551";"1,7576"
"14,8640";"2,6435";"1,6279"
"14,8740";"2,5317";"1,5011"
"14,8840";"2,4191";"1,3781"
"14,8940";"2,3069";"1,2569"
"14,9040";"2,1955";"1,1295"
"14,9140";"2,0837";"1,0005"
"14,9240";"1,9713";"0,8744"
"14,9340";"1,8588";"0,7516"
"14,9440";"1,7470";"0,6284"
"14,9540";"1,6354";"0,5004"
"14,9640";"1,5232";"0,3693"
"14,9740";"1,4108";"0,2408"
"14,9840";"1,2990";"0,1129"
"14,9940";"1,1874";"-0,0102"
"15,0040";"1,0754";"-0,1191"
"15,0140";"0,9630";"-0,2094"
"15,0240";"0,8512";"-0,2865"
"15,0340";"0,7396";"-0,3577"
"15,0440";"0,6277";"-0,4190"
"15,0540";"0,5153";"-0,4566"
"15,0640";"0,4032";"-0,4746"
"15,0740";"0,2914";"-0,4832"
"15,0840";"0,1796";"-0,4865"
"15,0940";"0,0672";"-0,4874"
"15,1000";"-0,0002";"-0,4872"
"15,1020";"-0,0227";"-0,4869"
"15,1040";"-0,0447";"-0,4862"
"15,1140";"-0,1241";"-0,4634"
"15,1240";"-0,1203";"-0,3138"
"15,1340";"-0,0519";"-0,1495"
"15,1440";"0,0685";"-0,0454"
"15,1540";"0,2197";"-0,0347"
"15,1640";"0,3842";"-0,1110"
"15,1740";"0,5495";"-0,2290"
"15,1840";"0,7082";"-0,3211"
"15,1940";"0,8597";"-0,3373"
"15,2040";"1,0042";"-0,2702"
"15,2140";"1,1410";"-0,1256"
"15,2240";"1,2724";"0,0801"
"15,2340";"1,4003";"0,3214"
"15,2440";"1,5245";"0,5746"
"15,2540";"1,6455";"0,8231"
"15,2640";"1,7647";"1,0559"
"15,2740";"1,8830";"1,2694"
"15,2840";"1,9995";"1,4630"
"15,2940";"2,1146";"1,6425"
"15,3040";"2,2291";"1,8134"
"15,3140";"2,3436";"1,9774"
"15,3240";"2,4577";"2,1384"
"15,3340";"2,5708";"2,2967"
"15,3440";"2,6833";"2,4491"
"15,3540";"2,7964";"2,5941"
"15,3640";"2,9094";"2,7369"
"15,3740";"3,0219";"2,8806"
"15,3840";"3,1339";"3,0239"
"15,3940";"3,2466";"3,1647"
"15,4040";"3,3596";"3,3002"
"15,4140";"3,4717";"3,4349"
"15,4240";"3,5833";"3,5743"
"15,4340";"3,6956";"3,7173"
"15,4440";"3,8082";"3,8567"
"15,4540";"3,9205";"3,9911"
"15,4640";"4,0321";"4,1221"
"15,4740";"4,1443";"4,2564"
"15,4840";"4,2570";"4,3932"
"15,4940";"4,3690";"4,5289"
"15,5040";"4,4803";"4,6614"
"15,5140";"4,5920";"4,7909"
"15,5240";"4,7043";"4,9220"
"15,5340";"4,8162";"5,0582"
"15,5440";"4,9276";"5,1951"
"15,5540";"5,0393";"5,3298"
"15,5640";"5,1518";"5,4620"
"15,5740";"5,2642";"5,5957"
"15,5840";"5,3758";"5,7316"
"15,5940";"5,4873";"5,8712"
"15,6040";"5,5996";"6,0130"
"15,6140";"5,7121";"6,1533"
"15,6240";"5,8239";"6,2916"
"15,6340";"5,9355";"6,4284"
"15,6440";"6,0479";"6,5668"
"15,6540";"6,1605";"6,7073"
"15,6640";"6,2725";"6,8480"
"15,6740";"6,3840";"6,9883"
"15,6840";"6,4959";"7,1292"
"15,6940";"6,6082";"7,2733"
"15,7040";"6,7202";"7,4190"
"15,7140";"6,8315";"7,5669"
"15,7240";"6,9432";"7,7156"
"15,7300";"7,0106";"7,8051"
"15,7320";"7,0332";"7,8349"
"15,7340";"7,0555";"7,8651"
"15,7440";"7,1353";"7,9954"
"15,7540";"7,1309";"7,9837"
"15,7640";"7,0622";"7,8920"
"15,7740";"6,9425";"7,7642"
"15,7840";"6,7913";"7,6105"
"15,7940";"6,6260";"7,4337"
"15,8040";"6,4611";"7,2254"
"15,8140";"6,3023";"6,9777"
"15,8240";"6,1507";"6,6957"
"15,8340";"6,0073";"6,4047"
"15,8440";"5,8707";"6,1191"
"15,8540";"5,7386";"5,8478"
"15,8640";"5,6107";"5,5998"
"15,8740";"5,4871";"5,3692"
"15,8840";"5,3657";"5,1494"
"15,8940";"5,2459";"4,9442"
"15,9040";"5,1279";"4,7559"
"15,9140";"5,0119";"4,5797"
"15,9240";"4,8965";"4,4099"
"15,9340";"4,7812";"4,2448"
"15,9440";"4,6667";"4,0857"
"15,9540";"4,5533";"3,9308"
"15,9640";"4,4402";"3,7784"
"15,9740";"4,3266";"3,6298"
"15,9840";"4,2135";"3,4882"
"15,9940";"4,1014";"3,3482"
"16,0040";"3,9895";"3,2059"
"16,0140";"3,8768";"3,0634"
"16,0240";"3,7640";"2,9268"
"16,0340";"3,6522";"2,7970"
"16,0440";"3,5404";"2,6647"
"16,0540";"3,4279";"2,5287"
"16,0640";"3,3152";"2,3925"
"16,0740";"3,2033";"2,2600"
"16,0840";"3,0920";"2,1324"
"16,0940";"2,9800";"2,0043"
"16,1040";"2,8675";"1,8766"
"16,1140";"2,7553";"1,7470"
"16,1240";"2,6436";"1,6176"
"16,1340";"2,5317";"1,4896"
"16,1440";"2,4192";"1,3683"
"16,1540";"2,3069";"1,2492"
"16,1640";"2,1954";"1,1232"
"16,1740";"2,0836";"0,9910"
"16,1840";"1,9714";"0,8604"
"16,1940";"1,8593";"0,7372"
"16,2040";"1,7473";"0,6149"
"16,2140";"1,6355";"0,4876"
"16,2240";"1,5232";"0,3586"
"16,2340";"1,4106";"0,2321"
"16,2440";"1,2988";"0,1073"
"16,2540";"1,1872";"-0,0144"
"16,2640";"1,0754";"-0,1244"
"16,2740";"0,9631";"-0,2179"
"16,2840";"0,8511";"-0,2973"
"16,2940";"0,7396";"-0,3666"
"16,3040";"0,6277";"-0,4224"
"16,3140";"0,5152";"-0,4580"
"16,3240";"0,4029";"-0,4774"
"16,3340";"0,2912";"-0,4862"
"16,3440";"0,1796";"-0,4874"
"16,3540";"0,0672";"-0,4852"
"16,3600";"-0,0004";"-0,4838"
"16,3620";"-0,0227";"-0,4832"
"16,3640";"-0,0449";"-0,4825"
"16,3740";"-0,1241";"-0,4617"
"16,3840";"-0,1182";"-0,3153"
"16,3940";"-0,0466";"-0,1425"
"16,4040";"0,0730";"-0,0437"
"16,4140";"0,2223";"-0,0385"
"16,4240";"0,3852";"-0,1176"
"16,4340";"0,5498";"-0,2344"
"16,4440";"0,7081";"-0,3238"
"16,4540";"0,8594";"-0,3387"
"16,4640";"1,0039";"-0,2747"
"16,4740";"1,1408";"-0,1365"
"16,4840";"1,2720";"0,0646"
"16,4940";"1,4001";"0,3019"
"16,5040";"1,5243";"0,5532"
"16,5140";"1,6452";"0,8025"
"16,5240";"1,7646";"1,0383"
"16,5340";"1,8830";"1,2556"
"16,5440";"1,9995";"1,4520"
"16,5540";"2,1145";"1,6314"
"16,5640";"2,2294";"1,8026"
"16,5740";"2,3440";"1,9676"
"16,5840";"2,4573";"2,1270"
"16,5940";"2,5702";"2,2832"
"16,6040";"2,6835";"2,4338"
"16,6140";"2,7969";"2,5782"
"16,6240";"2,9097";"2,7208"
"16,6340";"3,0217";"2,8660"
"16,6440";"3,1339";"3,0127"
"16,6540";"3,2468";"3,1558"
"16,6640";"3,3596";"3,2903"
"16,6740";"3,4714";"3,4208"
"16,6840";"3,5832";"3,5578"
"16,6940";"3,6955";"3,7005"
"16,7040";"3,8082";"3,8414"
"16,7140";"3,9204";"3,9762"
"16,7240";"4,0321";"4,1071"
"16,7340";"4,1442";"4,2431"
"16,7440";"4,2570";"4,3836"
"16,7540";"4,3690";"4,5220"
"16,7640";"4,4803";"4,6530"
"16,7740";"4,5921";"4,7805"
"16,7840";"4,7043";"4,9100"
"16,7940";"4,8162";"5,0442"
"16,8040";"4,9276";"5,1817"
"16,8140";"5,0393";"5,3179"
"16,8240";"5,1519";"5,4519"
"16,8340";"5,2642";"5,5865"
"16,8440";"5,3758";"5,7221"
"16,8540";"5,4873";"5,8603"
"16,8640";"5,5996";"6,0001"
"16,8740";"5,7121";"6,1387"
"16,8840";"5,8238";"6,2773"
"16,8940";"5,9355";"6,4135"
"16,9040";"6,0477";"6,5516"
"16,9140";"6,1605";"6,6915"
"16,9240";"6,2725";"6,8341"
"16,9340";"6,3840";"6,9783"
"16,9440";"6,4959";"7,1232"
"16,9540";"6,6083";"7,2669"
"16,9640";"6,7200";"7,4107"
"16,9740";"6,8314";"7,5564"
"16,9840";"6,9433";"7,7050"
"16,9900";"7,0107";"7,7953"
"16,9920";"7,0332";"7,8254"
"16,9940";"7,0555";"7,8560"
"17,0040";"7,1354";"7,9873"
"17,0140";"7,1309";"7,9783"
"17,0240";"7,0622";"7,8907"
"17,0340";"6,9424";"7,7647"
"17,0440";"6,7910";"7,6085"
"17,0540";"6,6256";"7,4246"
"17,0640";"6,4607";"7,2118"
"17,0740";"6,3022";"6,9604"
"17,0840";"6,1505";"6,6793"
"17,0940";"6,0070";"6,3911"
"17,1040";"5,8707";"6,1121"
"17,1140";"5,7386";"5,8439"
"17,1240";"5,6107";"5,5951"
"17,1340";"5,4871";"5,3637"
"17,1440";"5,3659";"5,1423"
"17,1540";"5,2459";"4,9371"
"17,1640";"5,1279";"4,7469"
"17,1740";"5,0119";"4,5681"
"17,1840";"4,8965";"4,3984"
"17,1940";"4,7811";"4,2347"
"17,2040";"4,6667";"4,0787"
"17,2140";"4,5534";"3,9246"
"17,2240";"4,4403";"3,7702"
"17,2340";"4,3267";"3,6194"
"17,2440";"4,2136";"3,4782"
"17,2540";"4,1015";"3,3414"
"17,2640";"3,9896";"3,1997"
"17,2740";"3,8768";"3,0552"
"17,2840";"3,7641";"2,9168"
"17,2940";"3,6522";"2,7864"
"17,3040";"3,5404";"2,6567"
"17,3140";"3,4280";"2,5225"
"17,3240";"3,3154";"2,3858"
"17,3340";"3,2033";"2,2521"
"17,3440";"3,0918";"2,1232"
"17,3540";"2,9801";"1,9968"
"17,3640";"2,8675";"1,8708"
"17,3740";"2,7552";"1,7418"
"17,3840";"2,6434";"1,6112"
"17,3940";"2,5317";"1,4827"
"17,4040";"2,4192";"1,3577"
"17,4140";"2,3068";"1,2348"
"17,4240";"2,1952";"1,1083"
"17,4340";"2,0839";"0,9783"
"17,4440";"1,9719";"0,8507"
"17,4540";"1,8591";"0,7275"
"17,4640";"1,7470";"0,6049"
"17,4740";"1,6353";"0,4767"
"17,4840";"1,5230";"0,3471"
"17,4940";"1,4105";"0,2209"
"17,5040";"1,2987";"0,0963"
"17,5140";"1,1873";"-0,0254"
"17,5240";"1,0754";"-0,1338"
"17,5340";"0,9630";"-0,2253"
"17,5440";"0,8511";"-0,3021"
"17,5540";"0,7397";"-0,3691"
"17,5640";"0,6277";"-0,4228"
"17,5740";"0,5152";"-0,4570"
"17,5840";"0,4030";"-0,4765"
"17,5940";"0,2915";"-0,4838"
"17,6040";"0,1796";"-0,4873"
"17,6140";"0,0672";"-0,4870"
"17,6200";"-0,0002";"-0,4868"
"17,6220";"-0,0227";"-0,4864"
"17,6240";"-0,0447";"-0,4855"
"17,6340";"-0,1240";"-0,4633"
"17,6440";"-0,1192";"-0,3151"
"17,6540";"-0,0503";"-0,1473"
"17,6640";"0,0698";"-0,0446"
"17,6740";"0,2205";"-0,0359"
"17,6840";"0,3845";"-0,1148"
"17,6940";"0,5498";"-0,2315"
"17,7040";"0,7085";"-0,3246"
"17,7140";"0,8598";"-0,3436"
"17,7240";"1,0043";"-0,2828"
"17,7340";"1,1410";"-0,1467"
"17,7440";"1,2724";"0,0524"
"17,7540";"1,4003";"0,2921"
"17,7640";"1,5245";"0,5458"
"17,7740";"1,6455";"0,7948"
"17,7840";"1,7647";"1,0288"
"17,7940";"1,8830";"1,2430"
"17,8040";"1,9996";"1,4383"
"17,8140";"2,1145";"1,6171"
"17,8240";"2,2291";"1,7891"
"17,8340";"2,3441";"1,9547"
"17,8440";"2,4579";"2,1153"
"17,8540";"2,5701";"2,2708"
"17,8640";"2,6830";"2,4218"
"17,8740";"2,7967";"2,5674"
"17,8840";"2,9097";"2,7100"
"17,8940";"3,0216";"2,8544"
"17,9040";"3,1338";"3,0015"
"17,9140";"3,2468";"3,1446"
"17,9240";"3,3596";"3,2803"
"17,9340";"3,4714";"3,4123"
"17,9440";"3,5831";"3,5514"
"17,9540";"3,6955";"3,6951"
"17,9640";"3,8082";"3,8337"
"17,9740";"3,9204";"3,9669"
"17,9840";"4,0321";"4,0970"
"17,9940";"4,1442";"4,2330"
"18,0040";"4,2571";"4,3715"
"18,0140";"4,3690";"4,5080"
"18,0240";"4,4803";"4,6396"
"18,0340";"4,5920";"4,7675"
"18,0440";"4,7043";"4,8990"
"18,0540";"4,8162";"5,0332"
"18,0640";"4,9275";"5,1707"
"18,0740";"5,0393";"5,3068"
"18,0840";"5,1518";"5,4400"
"18,0940";"5,2642";"5,5744"
"18,1040";"5,3758";"5,7110"
"18,1140";"5,4873";"5,8503"
"18,1240";"5,5996";"5,9906"
"18,1340";"5,7121";"6,1302"
"18,1440";"5,8239";"6,2699"
"18,1540";"5,9355";"6,4063"
"18,1640";"6,0479";"6,5432"
"18,1740";"6,1606";"6,6812"
"18,1840";"6,2725";"6,8235"
"18,1940";"6,3841";"6,9665"
"18,2040";"6,4959";"7,1098"
"18,2140";"6,6083";"7,2524"
"18,2240";"6,7201";"7,3969"
"18,2340";"6,8314";"7,5453"
"18,2440";"6,9432";"7,6962"
"18,2500";"7,0106";"7,7878"
"18,2520";"7,0332";"7,8182"
"18,2540";"7,0555";"7,8489"
"18,2640";"7,1354";"7,9800"
"18,2740";"7,1321";"7,9704"
"18,2840";"7,0639";"7,8832"
"18,2940";"6,9437";"7,7532"
"18,3040";"6,7916";"7,5957"
"18,3140";"6,6260";"7,4161"
"18,3240";"6,4608";"7,2067"
"18,3340";"6,3020";"6,9587"
"18,3440";"6,1501";"6,6778"
"18,3540";"6,0069";"6,3876"
"18,3640";"5,8704";"6,1050"
"18,3740";"5,7383";"5,8354"
"18,3840";"5,6107";"5,5849"
"18,3940";"5,4871";"5,3502"
"18,4040";"5,3657";"5,1279"
"18,4140";"5,2459";"4,9233"
"18,4240";"5,1279";"4,7373"
"18,4340";"5,0118";"4,5637"
"18,4440";"4,8965";"4,3966"
"18,4540";"4,7812";"4,2326"
"18,4640";"4,6669";"4,0727"
"18,4740";"4,5534";"3,9174"
"18,4840";"4,4403";"3,7630"
"18,4940";"4,3267";"3,6130"
"18,5040";"4,2135";"3,4698"
"18,5140";"4,1014";"3,3285"
"18,5240";"3,9896";"3,1860"
"18,5340";"3,8769";"3,0440"
"18,5440";"3,7641";"2,9092"
"18,5540";"3,6520";"2,7804"
"18,5640";"3,5406";"2,6499"
"18,5740";"3,4281";"2,5131"
"18,5840";"3,3152";"2,3758"
"18,5940";"3,2033";"2,2435"
"18,6040";"3,0920";"2,1177"
"18,6140";"2,9801";"1,9912"
"18,6240";"2,8673";"1,8600"
"18,6340";"2,7551";"1,7283"
"18,6440";"2,6436";"1,5988"
"18,6540";"2,5318";"1,4723"
"18,6640";"2,4191";"1,3505"
"18,6740";"2,3068";"1,2289"
"18,6840";"2,1956";"1,1030"
"18,6940";"2,0839";"0,9732"
"18,7040";"1,9713";"0,8427"
"18,7140";"1,8587";"0,7199"
"18,7240";"1,7471";"0,5976"
"18,7340";"1,6354";"0,4712"
"18,7440";"1,5230";"0,3400"
"18,7540";"1,4105";"0,2124"
"18,7640";"1,2990";"0,0882"
"18,7740";"1,1874";"-0,0312"
"18,7840";"1,0754";"-0,1390"
"18,7940";"0,9630";"-0,2299"
"18,8040";"0,8513";"-0,3064"
"18,8140";"0,7397";"-0,3740"
"18,8240";"0,6276";"-0,4276"
"18,8340";"0,5152";"-0,4596"
"18,8440";"0,4032";"-0,4764"
"18,8540";"0,2914";"-0,4848"
"18,8640";"0,1794";"-0,4870"
"18,8740";"0,0672";"-0,4865"
"18,8800";"-0,0001";"-0,4860"
"18,8820";"-0,0225";"-0,4856"
"18,8840";"-0,0446";"-0,4850"
"18,8940";"-0,1240";"-0,4641"
"18,9040";"-0,1204";"-0,3192"
"18,9140";"-0,0521";"-0,1563"
"18,9240";"0,0684";"-0,0501"
"18,9340";"0,2198";"-0,0339"
"18,9440";"0,3844";"-0,1077"
"18,9540";"0,5498";"-0,2254"
"18,9640";"0,7085";"-0,3230"
"18,9740";"0,8599";"-0,3482"
"18,9840";"1,0044";"-0,2920"
"18,9940";"1,1411";"-0,1596"
"19,0040";"1,2725";"0,0385"
"19,0140";"1,4003";"0,2760"
"19,0240";"1,5245";"0,5299"
"19,0340";"1,6455";"0,7801"
"19,0440";"1,7646";"1,0172"
"19,0540";"1,8829";"1,2327"
"19,0640";"1,9995";"1,4285"
"19,0740";"2,1146";"1,6077"
"19,0840";"2,2290";"1,7770"
"19,0940";"2,3438";"1,9420"
"19,1040";"2,4578";"2,1036"
"19,1140";"2,5705";"2,2610"
"19,1240";"2,6830";"2,4105"
"19,1340";"2,7964";"2,5568"
"19,1440";"2,9096";"2,6994"
"19,1540";"3,0219";"2,8429"
"19,1640";"3,1339";"2,9885"
"19,1740";"3,2466";"3,1313"
"19,1840";"3,3595";"3,2661"
"19,1940";"3,4715";"3,3996"
"19,2040";"3,5832";"3,5396"
"19,2140";"3,6956";"3,6858"
"19,2240";"3,8084";"3,8266"
"19,2340";"3,9205";"3,9610"
"19,2440";"4,0321";"4,0917"
"19,2540";"4,1442";"4,2276"
"19,2640";"4,2570";"4,3633"
"19,2740";"4,3690";"4,4957"
"19,2840";"4,4803";"4,6281"
"19,2940";"4,5921";"4,7597"
"19,3040";"4,7043";"4,8922"
"19,3140";"4,8162";"5,0262"
"19,3240";"4,9276";"5,1616"
"19,3340";"5,0393";"5,2979"
"19,3440";"5,1518";"5,4313"
"19,3540";"5,2642";"5,5655"
"19,3640";"5,3758";"5,7001"
"19,3740";"5,4875";"5,8366"
"19,3840";"5,5996";"5,9771"
"19,3940";"5,7121";"6,1179"
"19,4040";"5,8239";"6,2593"
"19,4140";"5,9355";"6,3967"
"19,4240";"6,0479";"6,5336"
"19,4340";"6,1605";"6,6734"
"19,4440";"6,2725";"6,8172"
"19,4540";"6,3840";"6,9612"
"19,4640";"6,4959";"7,1026"
"19,4740";"6,6083";"7,2450"
"19,4840";"6,7202";"7,3912"
"19,4940";"6,8315";"7,5385"
"19,5040";"6,9433";"7,6871"
"19,5100";"7,0106";"7,7762"
"19,5120";"7,0330";"7,8056"
"19,5140";"7,0554";"7,8355"
"19,5240";"7,1354";"7,9664"
"19,5340";"7,1302";"7,9580"
"19,5440";"7,0604";"7,8676"
"19,5540";"6,9408";"7,7422"
"19,5640";"6,7902";"7,5883"
"19,5740";"6,6254";"7,4101"
"19,5840";"6,4608";"7,2023"
"19,5940";"6,3022";"6,9524"
"19,6040";"6,1503";"6,6677"
"19,6140";"6,0069";"6,3774"
"19,6240";"5,8704";"6,0956"
"19,6340";"5,7383";"5,8266"
"19,6440";"5,6107";"5,5776"
"19,6540";"5,4870";"5,3442"
"19,6640";"5,3659";"5,1240"
"19,6740";"5,2459";"4,9208"
"19,6840";"5,1280";"4,7341"
"19,6940";"5,0119";"4,5571"
"19,7040";"4,8966";"4,3861"
"19,7140";"4,7811";"4,2232"
"19,7240";"4,6667";"4,0658"
"19,7340";"4,5533";"3,9118"
"19,7440";"4,4403";"3,7559"
"19,7540";"4,3266";"3,6027"
"19,7640";"4,2135";"3,4601"
"19,7740";"4,1014";"3,3224"
"19,7840";"3,9896";"3,1826"
"19,7940";"3,8768";"3,0386"
"19,8040";"3,7640";"2,8999"
"19,8140";"3,6522";"2,7711"
"19,8240";"3,5406";"2,6423"
"19,8340";"3,4281";"2,5055"
"19,8440";"3,3152";"2,3649"
"19,8540";"3,2036";"2,2301"
"19,8640";"3,0920";"2,1039"
"19,8740";"2,9800";"1,9801"
"19,8840";"2,8673";"1,8521"
"19,8940";"2,7552";"1,7211"
"19,9040";"2,6436";"1,5905"
"19,9140";"2,5316";"1,4637"
"19,9240";"2,4191";"1,3415"
"19,9340";"2,3070";"1,2202"
"19,9440";"2,1954";"1,0929"
"19,9540";"2,0836";"0,9631"
"19,9640";"1,9712";"0,8361"
"19,9740";"1,8588";"0,7134"
"19,9840";"1,7470";"0,5896"
"19,9940";"1,6353";"0,4610"
"20,0040";"1,5232";"0,3318"
"20,0140";"1,4108";"0,2064"
"20,0240";"1,2988";"0,0829"
"20,0340";"1,1874";"-0,0366"
"20,0440";"1,0755";"-0,1438"
"20,0540";"0,9631";"-0,2343"
"20,0640";"0,8512";"-0,3122"
"20,0740";"0,7396";"-0,3818"
"20,0840";"0,6277";"-0,4345"
"20,0940";"0,5152";"-0,4644"
"20,1040";"0,4030";"-0,4771"
"20,1140";"0,2914";"-0,4812"
"20,1240";"0,1796";"-0,4829"
"20,1340";"0,0672";"-0,4845"
"20,1400";"-0,0002";"-0,4837"
"20,1420";"-0,0227";"-0,4835"
"20,1440";"-0,0447";"-0,4829"
"20,1540";"-0,1241";"-0,4621"
"20,1640";"-0,1203";"-0,3165"
"20,1740";"-0,0519";"-0,1533"
"20,1840";"0,0686";"-0,0474"
"20,1940";"0,2199";"-0,0342"
"20,2040";"0,3844";"-0,1092"
"20,2140";"0,5498";"-0,2267"
"20,2240";"0,7085";"-0,3243"
"20,2340";"0,8599";"-0,3481"
"20,2440";"1,0044";"-0,2923"
"20,2540";"1,1411";"-0,1626"
"20,2640";"1,2725";"0,0322"
"20,2740";"1,4004";"0,2680"
"20,2840";"1,5245";"0,5211"
"20,2940";"1,6453";"0,7708"
"20,3040";"1,7647";"1,0062"
"20,3140";"1,8830";"1,2207"
"20,3240";"1,9993";"1,4160"
"20,3340";"2,1144";"1,5984"
"20,3440";"2,2294";"1,7696"
"20,3540";"2,3438";"1,9335"
"20,3640";"2,4572";"2,0941"
"20,3740";"2,5703";"2,2521"
"20,3840";"2,6836";"2,4036"
"20,3940";"2,7967";"2,5479"
"20,4040";"2,9096";"2,6898"
"20,4140";"3,0217";"2,8329"
"20,4240";"3,1341";"2,9792"
"20,4340";"3,2468";"3,1228"
"20,4440";"3,3595";"3,2585"
"20,4540";"3,4714";"3,3941"
"20,4640";"3,5833";"3,5351"
"20,4740";"3,6955";"3,6797"
"20,4840";"3,8082";"3,8173"
"20,4940";"3,9205";"3,9477"
"20,5040";"4,0321";"4,0792"
"20,5140";"4,1443";"4,2156"
"20,5240";"4,2571";"4,3534"
"20,5340";"4,3690";"4,4886"
"20,5440";"4,4804";"4,6210"
"20,5540";"4,5921";"4,7526"
"20,5640";"4,7043";"4,8853"
"20,5740";"4,8160";"5,0197"
"20,5840";"4,9274";"5,1537"
"20,5940";"5,0392";"5,2871"
"20,6040";"5,1518";"5,4189"
"20,6140";"5,2642";"5,5520"
"20,6240";"5,3758";"5,6892"
"20,6340";"5,4875";"5,8308"
"20,6440";"5,5997";"5,9725"
"20,6540";"5,7121";"6,1102"
"20,6640";"5,8239";"6,2484"
"20,6740";"5,9356";"6,3856"
"20,6840";"6,0480";"6,5249"
"20,6940";"6,1606";"6,6663"
"20,7040";"6,2725";"6,8081"
"20,7140";"6,3841";"6,9503"
"20,7240";"6,4960";"7,0936"
"20,7340";"6,6084";"7,2382"
"20,7440";"6,7202";"7,3849"
"20,7540";"6,8315";"7,5328"
"20,7640";"6,9432";"7,6813"
"20,7700";"7,0106";"7,7697"
"20,7720";"7,0330";"7,7993"
"20,7740";"7,0554";"7,8294"
"20,7840";"7,1353";"7,9601"
"20,7940";"7,1320";"7,9505"
"20,8040";"7,0639";"7,8637"
"20,8140";"6,9436";"7,7349"
"20,8240";"6,7915";"7,5779"
"20,8340";"6,6256";"7,3979"
"20,8440";"6,4605";"7,1899"
"20,8540";"6,3018";"6,9423"
"20,8640";"6,1500";"6,6612"
"20,8740";"6,0067";"6,3705"
"20,8840";"5,8704";"6,0865"
"20,8940";"5,7383";"5,8167"
"20,9040";"5,6107";"5,5671"
"20,9140";"5,4872";"5,3358"
"20,9240";"5,3659";"5,1188"
"20,9340";"5,2459";"4,9159"
"20,9440";"5,1280";"4,7292"
"20,9540";"5,0119";"4,5512"
"20,9640";"4,8965";"4,3806"
"20,9740";"4,7812";"4,2181"
"20,9840";"4,6667";"4,0603"
"20,9940";"4,5534";"3,9045"
"21,0040";"4,4403";"3,7480"
"21,0140";"4,3266";"3,5961"
"21,0240";"4,2135";"3,4554"
"21,0340";"4,1014";"3,3188"
"21,0440";"3,9895";"3,1768"
"21,0540";"3,8768";"3,0307"
"21,0640";"3,7641";"2,8930"
"21,0740";"3,6520";"2,7657"
"21,0840";"3,5404";"2,6375"
"21,0940";"3,4281";"2,5019"
"21,1040";"3,3154";"2,3629"
"21,1140";"3,2033";"2,2274"
"21,1240";"3,0919";"2,0992"
"21,1340";"2,9800";"1,9727"
"21,1440";"2,8675";"1,8438"
"21,1540";"2,7552";"1,7120"
"21,1640";"2,6435";"1,5817"
"21,1740";"2,5318";"1,4545"
"21,1840";"2,4193";"1,3336"
"21,1940";"2,3069";"1,2131"
"21,2040";"2,1952";"1,0865"
"21,2140";"2,0838";"0,9570"
"21,2240";"1,9718";"0,8292"
"21,2340";"1,8593";"0,7067"
"21,2440";"1,7473";"0,5838"
"21,2540";"1,6354";"0,4563"
"21,2640";"1,5232";"0,3280"
"21,2740";"1,4105";"0,2023"
"21,2840";"1,2987";"0,0784"
"21,2940";"1,1874";"-0,0419"
"21,3040";"1,0755";"-0,1484"
"21,3140";"0,9630";"-0,2390"
"21,3240";"0,8511";"-0,3148"
"21,3340";"0,7396";"-0,3808"
"21,3440";"0,6277";"-0,4323"
"21,3540";"0,5151";"-0,4623"
"21,3640";"0,4029";"-0,4773"
"21,3740";"0,2914";"-0,4835"
"21,3840";"0,1796";"-0,4866"
"21,3940";"0,0671";"-0,4895"
"21,4000";"-0,0004";"-0,4893"
"21,4020";"-0,0227";"-0,4886"
"21,4040";"-0,0449";"-0,4876"
"21,4140";"-0,1240";"-0,4638"
"21,4240";"-0,1203";"-0,3141"
"21,4340";"-0,0518";"-0,1492"
"21,4440";"0,0686";"-0,0445"
"21,4540";"0,2199";"-0,0338"
"21,4640";"0,3844";"-0,1112"
"21,4740";"0,5498";"-0,2282"
"21,4840";"0,7085";"-0,3265"
"21,4940";"0,8599";"-0,3518"
"21,5040";"1,0045";"-0,2962"
"21,5140";"1,1411";"-0,1686"
"21,5240";"1,2725";"0,0242"
"21,5340";"1,4004";"0,2586"
"21,5440";"1,5246";"0,5088"
"21,5540";"1,6455";"0,7576"
"21,5640";"1,7647";"0,9937"
"21,5740";"1,8831";"1,2102"
"21,5840";"1,9996";"1,4065"
"21,5940";"2,1145";"1,5891"
"21,6040";"2,2292";"1,7645"
"21,6140";"2,3442";"1,9310"
"21,6240";"2,4578";"2,0896"
"21,6340";"2,5701";"2,2413"
"21,6440";"2,6832";"2,3921"
"21,6540";"2,7969";"2,5377"
"21,6640";"2,9096";"2,6804"
"21,6740";"3,0216";"2,8228"
"21,6840";"3,1337";"2,9697"
"21,6940";"3,2468";"3,1141"
"21,7040";"3,3595";"3,2521"
"21,7140";"3,4714";"3,3876"
"21,7240";"3,5831";"3,5273"
"21,7340";"3,6956";"3,6687"
"21,7440";"3,8082";"3,8063"
"21,7540";"3,9205";"3,9390"
"21,7640";"4,0321";"4,0711"
"21,7740";"4,1443";"4,2074"
"21,7840";"4,2571";"4,3457"
"21,7940";"4,3690";"4,4819"
"21,8040";"4,4803";"4,6144"
"21,8140";"4,5920";"4,7454"
"21,8240";"4,7040";"4,8762"
"21,8340";"4,8158";"5,0101"
"21,8440";"4,9274";"5,1457"
"21,8540";"5,0392";"5,2803"
"21,8640";"5,1518";"5,4142"
"21,8740";"5,2642";"5,5489"
"21,8840";"5,3759";"5,6861"
"21,8940";"5,4875";"5,8265"
"21,9040";"5,5997";"5,9661"
"21,9140";"5,7122";"6,1026"
"21,9240";"5,8239";"6,2408"
"21,9340";"5,9356";"6,3791"
"21,9440";"6,0480";"6,5188"
"21,9540";"6,1606";"6,6596"
"21,9640";"6,2726";"6,8019"
"21,9740";"6,3841";"6,9443"
"21,9840";"6,4960";"7,0877"
"21,9940";"6,6084";"7,2328"
"22,0040";"6,7203";"7,3779"
"22,0140";"6,8316";"7,5247"
"22,0240";"6,9432";"7,6730"
"22,0300";"7,0106";"7,7629"
"22,0320";"7,0330";"7,7928"
"22,0340";"7,0554";"7,8229"
"22,0440";"7,1353";"7,9526"
"22,0540";"7,1307";"7,9436"
"22,0640";"7,0620";"7,8559"
"22,0740";"6,9419";"7,7284"
"22,0840";"6,7906";"7,5715"
"22,0940";"6,6253";"7,3898"
"22,1040";"6,4605";"7,1811"
"22,1140";"6,3019";"6,9335"
"22,1240";"6,1502";"6,6537"
"22,1340";"6,0068";"6,3641"
"22,1440";"5,8704";"6,0811"
"22,1540";"5,7386";"5,8108"
"22,1640";"5,6107";"5,5612"
"22,1740";"5,4871";"5,3296"
"22,1840";"5,3659";"5,1104"
"22,1940";"5,2460";"4,9058"
"22,2040";"5,1279";"4,7175"
"22,2140";"5,0118";"4,5418"
"22,2240";"4,8965";"4,3746"
"22,2340";"4,7811";"4,2112"
"22,2440";"4,6666";"4,0525"
"22,2540";"4,5533";"3,8954"
"22,2640";"4,4402";"3,7409"
"22,2740";"4,3266";"3,5921"
"22,2840";"4,2134";"3,4508"
"22,2940";"4,1014";"3,3121"
"22,3040";"3,9895";"3,1700"
"22,3140";"3,8768";"3,0248"
"22,3240";"3,7640";"2,8864"
"22,3340";"3,6520";"2,7574"
"22,3440";"3,5404";"2,6283"
"22,3540";"3,4280";"2,4937"
"22,3640";"3,3152";"2,3556"
"22,3740";"3,2033";"2,2213"
"22,3840";"3,0920";"2,0930"
"22,3940";"2,9802";"1,9672"
"22,4040";"2,8675";"1,8374"
"22,4140";"2,7552";"1,7054"
"22,4240";"2,6436";"1,5740"
"22,4340";"2,5317";"1,4455"
"22,4440";"2,4192";"1,3245"
"22,4540";"2,3068";"1,2062"
"22,4640";"2,1956";"1,0816"
"22,4740";"2,0840";"0,9516"
"22,4840";"1,9715";"0,8232"
"22,4940";"1,8589";"0,6997"
"22,5040";"1,7470";"0,5758"
"22,5140";"1,6353";"0,4486"
"22,5240";"1,5230";"0,3187"
"22,5340";"1,4105";"0,1923"
"22,5440";"1,2988";"0,0694"
"22,5540";"1,1873";"-0,0479"
"22,5640";"1,0754";"-0,1523"
"22,5740";"0,9630";"-0,2412"
"22,5840";"0,8513";"-0,3161"
"22,5940";"0,7397";"-0,3854"
"22,6040";"0,6277";"-0,4388"
"22,6140";"0,5152";"-0,4696"
"22,6240";"0,4032";"-0,4821"
"22,6340";"0,2915";"-0,4853"
"22,6440";"0,1794";"-0,4848"
"22,6540";"0,0671";"-0,4848"
"22,6600";"-0,0002";"-0,4841"
"22,6620";"-0,0225";"-0,4837"
"22,6640";"-0,0447";"-0,4829"
"22,6740";"-0,1240";"-0,4602"
"22,6840";"-0,1192";"-0,3123"
"22,6940";"-0,0503";"-0,1468"
"22,7040";"0,0699";"-0,0475"
"22,7140";"0,2208";"-0,0398"
"22,7240";"0,3847";"-0,1153"
"22,7340";"0,5500";"-0,2303"
"22,7440";"0,7086";"-0,3264"
"22,7540";"0,8600";"-0,3529"
"22,7640";"1,0044";"-0,3012"
"22,7740";"1,1411";"-0,1747"
"22,7840";"1,2724";"0,0162"
"22,7940";"1,4003";"0,2504"
"22,8040";"1,5245";"0,5016"
"22,8140";"1,6455";"0,7503"
"22,8240";"1,7646";"0,9862"
"22,8340";"1,8830";"1,2018"
"22,8440";"1,9996";"1,3991"
"22,8540";"2,1145";"1,5808"
"22,8640";"2,2291";"1,7541"
"22,8740";"2,3439";"1,9209"
"22,8840";"2,4580";"2,0800"
"22,8940";"2,5705";"2,2344"
"22,9040";"2,6830";"2,3856"
"22,9140";"2,7964";"2,5334"
"22,9240";"2,9096";"2,6768"
"22,9340";"3,0217";"2,8193"
"22,9440";"3,1338";"2,9625"
"22,9540";"3,2466";"3,1026"
"22,9640";"3,3596";"3,2404"
"22,9740";"3,4714";"3,3755"
"22,9840";"3,5831";"3,5151"
"22,9940";"3,6955";"3,6600"
"23,0040";"3,8082";"3,7998"
"23,0140";"3,9204";"3,9339"
"23,0240";"4,0321";"4,0644"
"23,0340";"4,1443";"4,2004"
"23,0440";"4,2571";"4,3375"
"23,0540";"4,3690";"4,4731"
"23,0640";"4,4803";"4,6067"
"23,0740";"4,5921";"4,7364"
"23,0840";"4,7043";"4,8688"
"23,0940";"4,8161";"5,0033"
"23,1040";"4,9275";"5,1389"
"23,1140";"5,0393";"5,2737"
"23,1240";"5,1518";"5,4065"
"23,1340";"5,2642";"5,5409"
"23,1440";"5,3758";"5,6768"
"23,1540";"5,4875";"5,8170"
"23,1640";"5,5996";"5,9566"
"23,1740";"5,7121";"6,0928"
"23,1840";"5,8239";"6,2306"
"23,1940";"5,9355";"6,3693"
"23,2040";"6,0477";"6,5099"
"23,2140";"6,1605";"6,6517"
"23,2240";"6,2724";"6,7942"
"23,2340";"6,3839";"6,9360"
"23,2440";"6,4959";"7,0805"
"23,2540";"6,6083";"7,2251"
"23,2640";"6,7203";"7,3716"
"23,2740";"6,8315";"7,5182"
"23,2840";"6,9432";"7,6666"
"23,2900";"7,0106";"7,7565"
"23,2920";"7,0332";"7,7865"
"23,2940";"7,0555";"7,8172"
"23,3040";"7,1354";"7,9483"
"23,3140";"7,1309";"7,9388"
"23,3240";"7,0620";"7,8499"
"23,3340";"6,9421";"7,7219"
"23,3440";"6,7907";"7,5659"
"23,3540";"6,6252";"7,3858"
"23,3640";"6,4604";"7,1783"
"23,3740";"6,3019";"6,9314"
"23,3840";"6,1501";"6,6489"
"23,3940";"6,0068";"6,3571"
"23,4040";"5,8703";"6,0736"
"23,4140";"5,7383";"5,8058"
"23,4240";"5,6106";"5,5586"
"23,4340";"5,4871";"5,3255"
"23,4440";"5,3659";"5,1040"
"23,4540";"5,2459";"4,8986"
"23,4640";"5,1279";"4,7109"
"23,4740";"5,0119";"4,5364"
"23,4840";"4,8965";"4,3680"
"23,4940";"4,7811";"4,2036"
"23,5040";"4,6667";"4,0437"
"23,5140";"4,5534";"3,8872"
"23,5240";"4,4403";"3,7329"
"23,5340";"4,3266";"3,5843"
"23,5440";"4,2135";"3,4452"
"23,5540";"4,1015";"3,3100"
"23,5640";"3,9896";"3,1682"
"23,5740";"3,8768";"3,0217"
"23,5840";"3,7640";"2,8826"
"23,5940";"3,6520";"2,7540"
"23,6040";"3,5404";"2,6237"
"23,6140";"3,4279";"2,4867"
"23,6240";"3,3152";"2,3462"
"23,6340";"3,2034";"2,2120"
"23,6440";"3,0921";"2,0874"
"23,6540";"2,9801";"1,9640"
"23,6640";"2,8675";"1,8347"
"23,6740";"2,7553";"1,7022"
"23,6840";"2,6436";"1,5703"
"23,6940";"2,5317";"1,4425"
"23,7040";"2,4192";"1,3192"
"23,7140";"2,3070";"1,1992"
"23,7240";"2,1956";"1,0735"
"23,7340";"2,0837";"0,9425"
"23,7440";"1,9713";"0,8138"
"23,7540";"1,8588";"0,6924"
"23,7640";"1,7470";"0,5704"
"23,7740";"1,6353";"0,4422"
"23,7840";"1,5230";"0,3096"
"23,7940";"1,4106";"0,1802"
"23,8040";"1,2990";"0,0556"
"23,8140";"1,1874";"-0,0601"
"23,8240";"1,0754";"-0,1617"
"23,8340";"0,9630";"-0,2459"
"23,8440";"0,8512";"-0,3198"
"23,8540";"0,7397";"-0,3868"
"23,8640";"0,6278";"-0,4375"
"23,8740";"0,5152";"-0,4657"
"23,8840";"0,4030";"-0,4779"
"23,8940";"0,2914";"-0,4832"
"23,9040";"0,1796";"-0,4871"
"23,9140";"0,0672";"-0,4884"
"23,9200";"-0,0002";"-0,4863"
"23,9220";"-0,0225";"-0,4851"
"23,9240";"-0,0447";"-0,4836"
"23,9340";"-0,1240";"-0,4589"
"23,9440";"-0,1204";"-0,3131"
"23,9540";"-0,0519";"-0,1518"
"23,9640";"0,0686";"-0,0479"
"23,9740";"0,2201";"-0,0351"
"23,9840";"0,3845";"-0,1093"
"23,9940";"0,5500";"-0,2269"
"24,0040";"0,7088";"-0,3278"
"24,0140";"0,8603";"-0,3580"
"24,0240";"1,0047";"-0,3074"
"24,0340";"1,1412";"-0,1812"
"24,0440";"1,2725";"0,0094"
"24,0540";"1,4005";"0,2418"
"24,0640";"1,5246";"0,4901"
"24,0740";"1,6453";"0,7369"
"24,0840";"1,7647";"0,9729"
"24,0940";"1,8829";"1,1905"
"24,1040";"1,9994";"1,3908"
"24,1140";"2,1145";"1,5760"
"24,1240";"2,2294";"1,7488"
"24,1340";"2,3435";"1,9120"
"24,1440";"2,4572";"2,0699"
"24,1540";"2,5704";"2,2272"
"24,1640";"2,6835";"2,3808"
"24,1740";"2,7967";"2,5261"
"24,1840";"2,9096";"2,6661"
"24,1940";"3,0219";"2,8085"
"24,2040";"3,1340";"2,9552"
"24,2140";"3,2468";"3,1004"
"24,2240";"3,3596";"3,2364"
"24,2340";"3,4715";"3,3691"
"24,2440";"3,5833";"3,5081"
"24,2540";"3,6955";"3,6521"
"24,2640";"3,8082";"3,7942"
"24,2740";"3,9204";"3,9282"
"24,2840";"4,0321";"4,0584"
"24,2940";"4,1442";"4,1926"
"24,3040";"4,2571";"4,3297"
"24,3140";"4,3690";"4,4653"
"24,3240";"4,4803";"4,5981"
"24,3340";"4,5921";"4,7285"
"24,3440";"4,7042";"4,8594"
"24,3540";"4,8161";"4,9943"
"24,3640";"4,9275";"5,1306"
"24,3740";"5,0392";"5,2670"
"24,3840";"5,1517";"5,4017"
"24,3940";"5,2642";"5,5356"
"24,4040";"5,3758";"5,6719"
"24,4140";"5,4873";"5,8116"
"24,4240";"5,5997";"5,9520"
"24,4340";"5,7121";"6,0897"
"24,4440";"5,8238";"6,2284"
"24,4540";"5,9355";"6,3665"
"24,4640";"6,0479";"6,5062"
"24,4740";"6,1604";"6,6472"
"24,4840";"6,2724";"6,7890"
"24,4940";"6,3839";"6,9316"
"24,5040";"6,4959";"7,0753"
"24,5140";"6,6084";"7,2208"
"24,5240";"6,7202";"7,3655"
"24,5340";"6,8315";"7,5118"
"24,5440";"6,9433";"7,6600"
"24,5500";"7,0107";"7,7501"
"24,5520";"7,0332";"7,7801"
"24,5540";"7,0555";"7,8107"
"24,5640";"7,1354";"7,9433"
"24,5740";"7,1320";"7,9349"
"24,5840";"7,0637";"7,8484"
"24,5940";"6,9433";"7,7179"
"24,6040";"6,7913";"7,5622"
"24,6140";"6,6253";"7,3833"
"24,6240";"6,4602";"7,1751"
"24,6340";"6,3018";"6,9277"
"24,6440";"6,1500";"6,6439"
"24,6540";"6,0068";"6,3532"
"24,6640";"5,8704";"6,0713"
"24,6740";"5,7383";"5,8017"
"24,6840";"5,6107";"5,5522"
"24,6940";"5,4871";"5,3187"
"24,7040";"5,3659";"5,0999"
"24,7140";"5,2459";"4,8969"
"24,7240";"5,1280";"4,7108"
"24,7340";"5,0119";"4,5343"
"24,7440";"4,8965";"4,3642"
"24,7540";"4,7811";"4,1994"
"24,7640";"4,6667";"4,0400"
"24,7740";"4,5534";"3,8847"
"24,7840";"4,4403";"3,7306"
"24,7940";"4,3266";"3,5795"
"24,8040";"4,2135";"3,4372"
"24,8140";"4,1014";"3,2979"
"24,8240";"3,9895";"3,1576"
"24,8340";"3,8767";"3,0154"
"24,8440";"3,7641";"2,8782"
"24,8540";"3,6522";"2,7469"
"24,8640";"3,5404";"2,6154"
"24,8740";"3,4280";"2,4792"
"24,8840";"3,3154";"2,3421"
"24,8940";"3,2033";"2,2091"
"24,9040";"3,0919";"2,0818"
"24,9140";"2,9801";"1,9561"
"24,9240";"2,8676";"1,8281"
"24,9340";"2,7552";"1,6982"
"24,9440";"2,6435";"1,5687"
"24,9540";"2,5317";"1,4398"
"24,9640";"2,4192";"1,3154"
"24,9740";"2,3069";"1,1923"
"24,9840";"2,1952";"1,0655"
"24,9940";"2,0836";"0,9366"
"25,0040";"1,9718";"0,8109"
"25,0140";"1,8594";"0,6892"
"25,0240";"1,7473";"0,5667"
"25,0340";"1,6354";"0,4378"
"25,0440";"1,5230";"0,3054"
"25,0540";"1,4105";"0,1768"
"25,0640";"1,2986";"0,0526"
"25,0740";"1,1873";"-0,0625"
"25,0840";"1,0755";"-0,1644"
"25,0940";"0,9630";"-0,2513"
"25,1040";"0,8511";"-0,3260"
"25,1140";"0,7397";"-0,3900"
"25,1240";"0,6277";"-0,4395"
"25,1340";"0,5151";"-0,4687"
"25,1440";"0,4028";"-0,4834"
"25,1540";"0,2914";"-0,4878"
"25,1640";"0,1796";"-0,4888"
"25,1740";"0,0671";"-0,4873"
"25,1800";"-0,0004";"-0,4843"

